#
# A fatal error has been detected by the Java Runtime Environment:
#
#  SIGSEGV (0xb) at pc=0x000074252fd51180, pid=120, tid=2371
#
# JRE version: OpenJDK Runtime Environment (21.0.11+10) (build 21.0.11+10-1-24.04.2-Ubuntu)
# Java VM: OpenJDK 64-Bit Server VM (21.0.11+10-1-24.04.2-Ubuntu, mixed mode, sharing, tiered, compressed oops, compressed class ptrs, g1 gc, linux-amd64)
# Problematic frame:
# j  org.gradle.internal.execution.steps.ExecuteStep$$Lambda+0x00007424cc65ea90.test(Ljava/lang/Object;)Z+0
#
# Core dump will be written. Default location: Core dumps may be processed with "/usr/share/apport/apport -p%p -s%s -c%c -d%d -P%P -u%u -g%g -F%F -- %E" (or dumping to /app/android/core.120)
#
# If you would like to submit a bug report, please visit:
#   https://bugs.launchpad.net/ubuntu/+source/openjdk-21
#

---------------  S U M M A R Y ------------

Command Line: -XX:MaxMetaspaceSize=2G -XX:+HeapDumpOnOutOfMemoryError --add-opens=java.base/java.util=ALL-UNNAMED --add-opens=java.base/java.lang=ALL-UNNAMED --add-opens=java.base/java.lang.invoke=ALL-UNNAMED --add-opens=java.prefs/java.util.prefs=ALL-UNNAMED --add-opens=java.base/java.nio.charset=ALL-UNNAMED --add-opens=java.base/java.net=ALL-UNNAMED --add-opens=java.base/java.util.concurrent.atomic=ALL-UNNAMED -Xmx4G -Dfile.encoding=UTF-8 -Duser.country=US -Duser.language=en -Duser.variant -javaagent:/root/.gradle/wrapper/dists/gradle-8.7-all/aan3ydargesu18aqyqjwhr3pc/gradle-8.7/lib/agents/gradle-instrumentation-agent-8.7.jar org.gradle.launcher.daemon.bootstrap.GradleDaemon 8.7

Host: AMD Ryzen 5 1400 Quad-Core Processor, 8 cores, 7G, Ubuntu 24.04.4 LTS
Time: Fri Jun  5 11:16:26 2026 UTC elapsed time: 6521.728054 seconds (0d 1h 48m 41s)

---------------  T H R E A D  ---------------

Current thread (0x00007424440370a0):  JavaThread "Unconstrained build operations Thread 33"        [_thread_in_Java, id=2371, stack(0x00007423c7c00000,0x00007423c7d00000) (1024K)]

Stack: [0x00007423c7c00000,0x00007423c7d00000],  sp=0x00007423c7cfb758,  free space=1005k
Native frames: (J=compiled Java code, j=interpreted, Vv=VM code, C=native code)
j  org.gradle.internal.execution.steps.ExecuteStep$$Lambda+0x00007424cc65ea90.test(Ljava/lang/Object;)Z+0
J 7416 c1 java.util.Optional.filter(Ljava/util/function/Predicate;)Ljava/util/Optional; java.base@21.0.11 (35 bytes) @ 0x000074252957cf9c [0x000074252957cee0+0x00000000000000bc]
j  org.gradle.internal.execution.steps.ExecuteStep.determineOutcome(Lorg/gradle/internal/execution/steps/InputChangesContext;Lorg/gradle/internal/execution/UnitOfWork$WorkOutput;)Lorg/gradle/internal/execution/ExecutionEngine$ExecutionOutcome;+53
j  org.gradle.internal.execution.steps.ExecuteStep.executeInternal(Lorg/gradle/internal/execution/UnitOfWork;Lorg/gradle/internal/execution/steps/InputChangesContext;)Lorg/gradle/internal/execution/steps/Result;+57
j  org.gradle.internal.execution.steps.ExecuteStep.access$000(Lorg/gradle/internal/execution/UnitOfWork;Lorg/gradle/internal/execution/steps/InputChangesContext;)Lorg/gradle/internal/execution/steps/Result;+2
j  org.gradle.internal.execution.steps.ExecuteStep$1.call(Lorg/gradle/internal/operations/BuildOperationContext;)Lorg/gradle/internal/execution/steps/Result;+8
j  org.gradle.internal.execution.steps.ExecuteStep$1.call(Lorg/gradle/internal/operations/BuildOperationContext;)Ljava/lang/Object;+2
J 38973 c2 org.gradle.internal.operations.DefaultBuildOperationRunner$CallableBuildOperationWorker.execute(Lorg/gradle/internal/operations/BuildOperation;Lorg/gradle/internal/operations/BuildOperationContext;)V (10 bytes) @ 0x00007425305a82a4 [0x00007425305a8220+0x0000000000000084]
J 32960 c2 org.gradle.internal.operations.DefaultBuildOperationRunner.execute(Lorg/gradle/internal/operations/BuildOperation;Lorg/gradle/internal/operations/BuildOperationWorker;Lorg/gradle/internal/operations/BuildOperationState;)V (23 bytes) @ 0x0000742531638e0c [0x0000742531637340+0x0000000000001acc]
J 38974 c2 org.gradle.internal.operations.DefaultBuildOperationRunner.call(Lorg/gradle/internal/operations/CallableBuildOperation;)Ljava/lang/Object; (24 bytes) @ 0x0000742530790534 [0x00007425307903e0+0x0000000000000154]
J 15402 c1 org.gradle.internal.operations.DefaultBuildOperationExecutor.call(Lorg/gradle/internal/operations/CallableBuildOperation;)Ljava/lang/Object; (11 bytes) @ 0x0000742528ac6fd4 [0x0000742528ac6ec0+0x0000000000000114]
j  org.gradle.internal.execution.steps.ExecuteStep.execute(Lorg/gradle/internal/execution/UnitOfWork;Lorg/gradle/internal/execution/steps/ChangingOutputsContext;)Lorg/gradle/internal/execution/steps/Result;+28
j  org.gradle.internal.execution.steps.ExecuteStep.execute(Lorg/gradle/internal/execution/UnitOfWork;Lorg/gradle/internal/execution/steps/Context;)Lorg/gradle/internal/execution/steps/Result;+6
j  org.gradle.internal.execution.steps.CancelExecutionStep.execute(Lorg/gradle/internal/execution/UnitOfWork;Lorg/gradle/internal/execution/steps/Context;)Lorg/gradle/internal/execution/steps/Result;+35
j  org.gradle.internal.execution.steps.TimeoutStep.executeWithoutTimeout(Lorg/gradle/internal/execution/UnitOfWork;Lorg/gradle/internal/execution/steps/Context;)Lorg/gradle/internal/execution/steps/Result;+6
j  org.gradle.internal.execution.steps.TimeoutStep.execute(Lorg/gradle/internal/execution/UnitOfWork;Lorg/gradle/internal/execution/steps/Context;)Lorg/gradle/internal/execution/steps/Result;+92
j  org.gradle.internal.execution.steps.PreCreateOutputParentsStep.execute(Lorg/gradle/internal/execution/UnitOfWork;Lorg/gradle/internal/execution/steps/ChangingOutputsContext;)Lorg/gradle/internal/execution/steps/Result;+24
j  org.gradle.internal.execution.steps.PreCreateOutputParentsStep.execute(Lorg/gradle/internal/execution/UnitOfWork;Lorg/gradle/internal/execution/steps/Context;)Lorg/gradle/internal/execution/steps/Result;+6
J 36774 c1 org.gradle.internal.execution.steps.BroadcastChangingOutputsStep.execute(Lorg/gradle/internal/execution/UnitOfWork;Lorg/gradle/internal/execution/steps/InputChangesContext;)Lorg/gradle/internal/execution/steps/Result; (90 bytes) @ 0x00007425288d7524 [0x00007425288d62e0+0x0000000000001244]
j  org.gradle.internal.execution.steps.BroadcastChangingOutputsStep.execute(Lorg/gradle/internal/execution/UnitOfWork;Lorg/gradle/internal/execution/steps/Context;)Lorg/gradle/internal/execution/steps/Result;+6
j  org.gradle.internal.execution.steps.NoInputChangesStep.execute(Lorg/gradle/internal/execution/UnitOfWork;Lorg/gradle/internal/execution/steps/ValidationFinishedContext;)Lorg/gradle/internal/execution/steps/Result;+23
J 36863 c1 org.gradle.internal.execution.steps.NoInputChangesStep.execute(Lorg/gradle/internal/execution/UnitOfWork;Lorg/gradle/internal/execution/steps/Context;)Lorg/gradle/internal/execution/steps/Result; (10 bytes) @ 0x0000742529eec73c [0x0000742529eec5c0+0x000000000000017c]
J 36773 c1 org.gradle.internal.execution.steps.CaptureOutputsAfterExecutionStep.execute(Lorg/gradle/internal/execution/UnitOfWork;Lorg/gradle/internal/execution/steps/WorkspaceContext;)Lorg/gradle/internal/execution/steps/AfterExecutionResult; (56 bytes) @ 0x0000742529d3e17c [0x0000742529d3e040+0x000000000000013c]
j  org.gradle.internal.execution.steps.CaptureOutputsAfterExecutionStep.execute(Lorg/gradle/internal/execution/UnitOfWork;Lorg/gradle/internal/execution/steps/Context;)Lorg/gradle/internal/execution/steps/Result;+6
j  org.gradle.internal.execution.steps.BuildCacheStep.executeWithoutCache(Lorg/gradle/internal/execution/UnitOfWork;Lorg/gradle/internal/execution/steps/WorkspaceContext;)Lorg/gradle/internal/execution/steps/AfterExecutionResult;+6
j  org.gradle.internal.execution.steps.BuildCacheStep.lambda$execute$1(Lorg/gradle/internal/execution/UnitOfWork;Lorg/gradle/internal/execution/steps/WorkspaceContext;Lorg/gradle/internal/execution/caching/CachingState$Disabled;)Lorg/gradle/internal/execution/steps/AfterExecutionResult;+3
j  org.gradle.internal.execution.steps.BuildCacheStep$$Lambda+0x00007424ccf1f708.apply(Ljava/lang/Object;)Ljava/lang/Object;+16
J 27065 c1 org.gradle.internal.Either$Right.fold(Ljava/util/function/Function;Ljava/util/function/Function;)Ljava/lang/Object; (11 bytes) @ 0x000074252b875fd4 [0x000074252b875ec0+0x0000000000000114]
j  org.gradle.internal.execution.caching.CachingState.fold(Ljava/util/function/Function;Ljava/util/function/Function;)Ljava/lang/Object;+6
j  org.gradle.internal.execution.steps.BuildCacheStep.execute(Lorg/gradle/internal/execution/UnitOfWork;Lorg/gradle/internal/execution/steps/WorkspaceContext;)Lorg/gradle/internal/execution/steps/AfterExecutionResult;+25
j  org.gradle.internal.execution.steps.BuildCacheStep.execute(Lorg/gradle/internal/execution/UnitOfWork;Lorg/gradle/internal/execution/steps/Context;)Lorg/gradle/internal/execution/steps/Result;+6
j  org.gradle.internal.execution.steps.NeverUpToDateStep.execute(Lorg/gradle/internal/execution/UnitOfWork;Lorg/gradle/internal/execution/steps/NonIncrementalCachingContext;)Lorg/gradle/internal/execution/steps/UpToDateResult;+6
j  org.gradle.internal.execution.steps.NeverUpToDateStep.execute(Lorg/gradle/internal/execution/UnitOfWork;Lorg/gradle/internal/execution/steps/Context;)Lorg/gradle/internal/execution/steps/Result;+6
j  org.gradle.internal.execution.steps.legacy.MarkSnapshottingInputsFinishedStep.execute(Lorg/gradle/internal/execution/UnitOfWork;Lorg/gradle/internal/execution/steps/CachingContext;)Lorg/gradle/internal/execution/steps/Result;+18
j  org.gradle.internal.execution.steps.legacy.MarkSnapshottingInputsFinishedStep.execute(Lorg/gradle/internal/execution/UnitOfWork;Lorg/gradle/internal/execution/steps/Context;)Lorg/gradle/internal/execution/steps/Result;+6
J 36851 c1 org.gradle.internal.execution.steps.ResolveNonIncrementalCachingStateStep.executeDelegate(Lorg/gradle/internal/execution/UnitOfWork;Lorg/gradle/internal/execution/steps/ValidationFinishedContext;Lorg/gradle/internal/execution/caching/CachingState;)Lorg/gradle/internal/execution/steps/UpToDateResult; (23 bytes) @ 0x0000742529d783ac [0x0000742529d77980+0x0000000000000a2c]
j  org.gradle.internal.execution.steps.AbstractResolveCachingStateStep.execute(Lorg/gradle/internal/execution/UnitOfWork;Lorg/gradle/internal/execution/steps/ValidationFinishedContext;)Lorg/gradle/internal/execution/steps/CachingResult;+51
J 36744 c1 org.gradle.internal.execution.steps.AbstractResolveCachingStateStep.execute(Lorg/gradle/internal/execution/UnitOfWork;Lorg/gradle/internal/execution/steps/Context;)Lorg/gradle/internal/execution/steps/Result; (10 bytes) @ 0x00007425291f94a4 [0x00007425291f92c0+0x00000000000001e4]
J 36731 c1 org.gradle.internal.execution.steps.ValidateStep.execute(Lorg/gradle/internal/execution/UnitOfWork;Lorg/gradle/internal/execution/steps/BeforeExecutionContext;)Lorg/gradle/internal/execution/steps/Result; (255 bytes) @ 0x000074252934f444 [0x000074252934b660+0x0000000000003de4]
J 36730 c1 org.gradle.internal.execution.steps.ValidateStep.execute(Lorg/gradle/internal/execution/UnitOfWork;Lorg/gradle/internal/execution/steps/Context;)Lorg/gradle/internal/execution/steps/Result; (10 bytes) @ 0x0000742529cb023c [0x0000742529cb00c0+0x000000000000017c]
J 36726 c1 org.gradle.internal.execution.steps.AbstractCaptureStateBeforeExecutionStep.execute(Lorg/gradle/internal/execution/UnitOfWork;Lorg/gradle/internal/execution/steps/PreviousExecutionContext;)Lorg/gradle/internal/execution/steps/CachingResult; (41 bytes) @ 0x0000742529390a9c [0x0000742529390260+0x000000000000083c]
J 36725 c1 org.gradle.internal.execution.steps.AbstractCaptureStateBeforeExecutionStep.execute(Lorg/gradle/internal/execution/UnitOfWork;Lorg/gradle/internal/execution/steps/Context;)Lorg/gradle/internal/execution/steps/Result; (10 bytes) @ 0x000074252917daa4 [0x000074252917d8c0+0x00000000000001e4]
j  org.gradle.internal.execution.steps.legacy.MarkSnapshottingInputsStartedStep.execute(Lorg/gradle/internal/execution/UnitOfWork;Lorg/gradle/internal/execution/steps/Context;)Lorg/gradle/internal/execution/steps/Result;+12
j  org.gradle.internal.execution.steps.AssignImmutableWorkspaceStep.lambda$executeInTemporaryWorkspace$3(Lorg/gradle/internal/execution/steps/IdentityContext;Lorg/gradle/internal/execution/UnitOfWork;Lorg/gradle/internal/execution/workspace/ImmutableWorkspaceProvider$ImmutableWorkspace;Ljava/io/File;)Lorg/gradle/internal/execution/steps/WorkspaceResult;+50
j  org.gradle.internal.execution.steps.AssignImmutableWorkspaceStep$$Lambda+0x00007424cc530c00.executeInTemporaryWorkspace(Ljava/io/File;)Ljava/lang/Object;+17
j  org.gradle.internal.execution.workspace.impl.CacheBasedImmutableWorkspaceProvider$1.withTemporaryWorkspace(Lorg/gradle/internal/execution/workspace/ImmutableWorkspaceProvider$ImmutableWorkspace$TemporaryWorkspaceAction;)Ljava/lang/Object;+47
j  org.gradle.internal.execution.steps.AssignImmutableWorkspaceStep.executeInTemporaryWorkspace(Lorg/gradle/internal/execution/UnitOfWork;Lorg/gradle/internal/execution/steps/IdentityContext;Lorg/gradle/internal/execution/workspace/ImmutableWorkspaceProvider$ImmutableWorkspace;)Lorg/gradle/internal/execution/steps/WorkspaceResult;+10
J 36847 c1 org.gradle.internal.execution.steps.AssignImmutableWorkspaceStep$$Lambda+0x00007424cc5319b8.get()Ljava/lang/Object; (20 bytes) @ 0x0000742529917c1c [0x0000742529917b40+0x00000000000000dc]
J 36635 c2 java.util.Optional.orElseGet(Ljava/util/function/Supplier;)Ljava/lang/Object; java.base@21.0.11 (21 bytes) @ 0x0000742530b65500 [0x0000742530b654a0+0x0000000000000060]
j  org.gradle.internal.execution.steps.AssignImmutableWorkspaceStep.execute(Lorg/gradle/internal/execution/UnitOfWork;Lorg/gradle/internal/execution/steps/IdentityContext;)Lorg/gradle/internal/execution/steps/WorkspaceResult;+48
j  org.gradle.internal.execution.steps.AssignImmutableWorkspaceStep.execute(Lorg/gradle/internal/execution/UnitOfWork;Lorg/gradle/internal/execution/steps/Context;)Lorg/gradle/internal/execution/steps/Result;+6
j  org.gradle.internal.execution.steps.ChoosePipelineStep.execute(Lorg/gradle/internal/execution/UnitOfWork;Lorg/gradle/internal/execution/steps/IdentityContext;)Lorg/gradle/internal/execution/steps/Result;+13
j  org.gradle.internal.execution.steps.ChoosePipelineStep.execute(Lorg/gradle/internal/execution/UnitOfWork;Lorg/gradle/internal/execution/steps/Context;)Lorg/gradle/internal/execution/steps/Result;+6
j  org.gradle.internal.execution.steps.ExecuteWorkBuildOperationFiringStep.lambda$execute$0(Lorg/gradle/internal/execution/UnitOfWork;Lorg/gradle/internal/execution/steps/IdentityContext;Lorg/gradle/internal/operations/BuildOperationContext;)Lorg/gradle/internal/execution/steps/CachingResult;+6
j  org.gradle.internal.execution.steps.ExecuteWorkBuildOperationFiringStep$$Lambda+0x00007424cd44c240.apply(Ljava/lang/Object;)Ljava/lang/Object;+16
J 38795 c2 org.gradle.internal.execution.steps.BuildOperationStep$1.call(Lorg/gradle/internal/operations/BuildOperationContext;)Ljava/lang/Object; (11 bytes) @ 0x00007425306cbff4 [0x00007425306cbfa0+0x0000000000000054]
J 38973 c2 org.gradle.internal.operations.DefaultBuildOperationRunner$CallableBuildOperationWorker.execute(Lorg/gradle/internal/operations/BuildOperation;Lorg/gradle/internal/operations/BuildOperationContext;)V (10 bytes) @ 0x00007425305a82a4 [0x00007425305a8220+0x0000000000000084]
J 32960 c2 org.gradle.internal.operations.DefaultBuildOperationRunner.execute(Lorg/gradle/internal/operations/BuildOperation;Lorg/gradle/internal/operations/BuildOperationWorker;Lorg/gradle/internal/operations/BuildOperationState;)V (23 bytes) @ 0x0000742531638e0c [0x0000742531637340+0x0000000000001acc]
J 38974 c2 org.gradle.internal.operations.DefaultBuildOperationRunner.call(Lorg/gradle/internal/operations/CallableBuildOperation;)Ljava/lang/Object; (24 bytes) @ 0x0000742530790534 [0x00007425307903e0+0x0000000000000154]
J 38794 c1 org.gradle.internal.execution.steps.BuildOperationStep.operation(Ljava/util/function/Function;Lorg/gradle/internal/operations/BuildOperationDescriptor$Builder;)Ljava/lang/Object; (20 bytes) @ 0x0000742528cfaf5c [0x0000742528cfac60+0x00000000000002fc]
j  org.gradle.internal.execution.steps.ExecuteWorkBuildOperationFiringStep.lambda$execute$1(Lorg/gradle/internal/execution/UnitOfWork;Lorg/gradle/internal/execution/steps/IdentityContext;Ljava/lang/String;)Lorg/gradle/internal/execution/steps/CachingResult;+34
j  org.gradle.internal.execution.steps.ExecuteWorkBuildOperationFiringStep$$Lambda+0x00007424ccf1f050.apply(Ljava/lang/Object;)Ljava/lang/Object;+16
J 14705 c2 java.util.Optional.map(Ljava/util/function/Function;)Ljava/util/Optional; java.base@21.0.11 (30 bytes) @ 0x0000742530b61288 [0x0000742530b61220+0x0000000000000068]
j  org.gradle.internal.execution.steps.ExecuteWorkBuildOperationFiringStep.execute(Lorg/gradle/internal/execution/UnitOfWork;Lorg/gradle/internal/execution/steps/IdentityContext;)Lorg/gradle/internal/execution/steps/CachingResult;+14
j  org.gradle.internal.execution.steps.ExecuteWorkBuildOperationFiringStep.execute(Lorg/gradle/internal/execution/UnitOfWork;Lorg/gradle/internal/execution/steps/Context;)Lorg/gradle/internal/execution/steps/Result;+6
J 36910 c1 org.gradle.internal.execution.steps.IdentityCacheStep.executeInCache(Lorg/gradle/internal/execution/UnitOfWork;Lorg/gradle/internal/execution/steps/IdentityContext;)Lorg/gradle/internal/execution/ExecutionEngine$IdentityCacheResult; (45 bytes) @ 0x000074252992795c [0x00007425299278e0+0x000000000000007c]
J 36921 c1 org.gradle.internal.execution.steps.IdentityCacheStep.lambda$executeDeferred$0(Lorg/gradle/internal/execution/UnitOfWork;Lorg/gradle/internal/execution/steps/IdentityContext;)Lorg/gradle/internal/execution/ExecutionEngine$IdentityCacheResult; (7 bytes) @ 0x00007425290c9384 [0x00007425290c9320+0x0000000000000064]
j  org.gradle.internal.execution.steps.IdentityCacheStep$$Lambda+0x00007424cd120000.get()Ljava/lang/Object;+12
J 27073 c1 org.gradle.cache.Cache$$Lambda+0x00007424cc107780.apply(Ljava/lang/Object;)Ljava/lang/Object; (9 bytes) @ 0x000074252b879e0c [0x000074252b879cc0+0x000000000000014c]
J 35628 c2 java.util.concurrent.ConcurrentHashMap.computeIfAbsent(Ljava/lang/Object;Ljava/util/function/Function;)Ljava/lang/Object; java.base@21.0.11 (576 bytes) @ 0x00007425318fb5ec [0x00007425318faee0+0x000000000000070c]
j  org.gradle.cache.ManualEvictionInMemoryCache.get(Ljava/lang/Object;Ljava/util/function/Function;)Ljava/lang/Object;+6
J 38348 c2 org.gradle.cache.Cache.get(Ljava/lang/Object;Ljava/util/function/Supplier;)Ljava/lang/Object; (14 bytes) @ 0x00007425311ef3a4 [0x00007425311ef2c0+0x00000000000000e4]
J 36897 c1 org.gradle.internal.execution.steps.IdentityCacheStep.lambda$executeDeferred$1(Lorg/gradle/cache/Cache;Lorg/gradle/internal/execution/UnitOfWork$Identity;Lorg/gradle/internal/execution/UnitOfWork;Lorg/gradle/internal/execution/steps/IdentityContext;)Lorg/gradle/internal/Try; (41 bytes) @ 0x0000742528b8ee8c [0x0000742528b8ed20+0x000000000000016c]
J 36901 c1 org.gradle.internal.execution.steps.IdentityCacheStep$$Lambda+0x00007424cd11b5c8.get()Ljava/lang/Object; (24 bytes) @ 0x0000742529bef0cc [0x0000742529bef040+0x000000000000008c]
J 36737 c1 org.gradle.internal.Deferrable$3.completeAndGet()Ljava/lang/Object; (46 bytes) @ 0x00007425296ef9fc [0x00007425296ef840+0x00000000000001bc]
J 27055 c1 org.gradle.internal.Deferrable$1.completeAndGet()Ljava/lang/Object; (18 bytes) @ 0x000074252b871e9c [0x000074252b871d80+0x000000000000011c]
J 27055 c1 org.gradle.internal.Deferrable$1.completeAndGet()Ljava/lang/Object; (18 bytes) @ 0x000074252b871e9c [0x000074252b871d80+0x000000000000011c]
j  org.gradle.internal.Deferrable.lambda$flatMap$0(Ljava/util/function/Function;)Ljava/lang/Object;+2
j  org.gradle.internal.Deferrable$$Lambda+0x00007424cdb536b8.get()Ljava/lang/Object;+8
J 36737 c1 org.gradle.internal.Deferrable$3.completeAndGet()Ljava/lang/Object; (46 bytes) @ 0x00007425296ef9fc [0x00007425296ef840+0x00000000000001bc]
J 27009 c1 org.gradle.api.internal.artifacts.transform.TransformingAsyncArtifactListener$TransformedArtifact.finalizeValue()Lorg/gradle/internal/Try; (168 bytes) @ 0x000074252b85766c [0x000074252b856d40+0x000000000000092c]
J 38391 c1 org.gradle.api.internal.artifacts.transform.TransformingAsyncArtifactListener$TransformedArtifact.run(Lorg/gradle/internal/operations/BuildOperationContext;)V (6 bytes) @ 0x000074252a1692bc [0x000074252a169240+0x000000000000007c]
J 25379 c1 org.gradle.internal.operations.DefaultBuildOperationExecutor$$Lambda+0x00007424cd0fb440.execute(Lorg/gradle/internal/operations/BuildOperation;Lorg/gradle/internal/operations/BuildOperationContext;)V (11 bytes) @ 0x000074252b43b754 [0x000074252b43b540+0x0000000000000214]
J 32960 c2 org.gradle.internal.operations.DefaultBuildOperationRunner.execute(Lorg/gradle/internal/operations/BuildOperation;Lorg/gradle/internal/operations/BuildOperationWorker;Lorg/gradle/internal/operations/BuildOperationState;)V (23 bytes) @ 0x0000742531638e0c [0x0000742531637340+0x0000000000001acc]
J 25313 c1 org.gradle.internal.operations.DefaultBuildOperationQueue$WorkerRunnable.runOperation(Lorg/gradle/internal/operations/BuildOperation;)V (26 bytes) @ 0x000074252b416274 [0x000074252b416080+0x00000000000001f4]
j  org.gradle.internal.operations.DefaultBuildOperationQueue$WorkerRunnable.doRunBatch(Lorg/gradle/internal/operations/BuildOperation;)I+28
J 32588 c1 org.gradle.internal.operations.DefaultBuildOperationQueue$WorkerRunnable$$Lambda+0x00007424cd10c450.create()Ljava/lang/Object; (12 bytes) @ 0x00007425293a8b8c [0x00007425293a8ac0+0x00000000000000cc]
j  org.gradle.internal.resources.AbstractResourceLockRegistry.whileDisallowingLockChanges(Lorg/gradle/internal/Factory;)Ljava/lang/Object;+17
J 38782 c1 org.gradle.internal.operations.DefaultBuildOperationQueue$WorkerRunnable.lambda$runBatch$1(Lorg/gradle/internal/operations/BuildOperation;)Ljava/lang/Integer; (42 bytes) @ 0x00007425289d0a64 [0x00007425289d00a0+0x00000000000009c4]
J 38781 c1 org.gradle.internal.operations.DefaultBuildOperationQueue$WorkerRunnable$$Lambda+0x00007424cd10c000.create()Ljava/lang/Object; (12 bytes) @ 0x0000742528a4e654 [0x0000742528a4e5c0+0x0000000000000094]
J 37355 c1 org.gradle.internal.work.DefaultWorkerLeaseService.withLocks(Ljava/util/Collection;Lorg/gradle/internal/Factory;)Ljava/lang/Object; (53 bytes) @ 0x000074252a7dd434 [0x000074252a7dcfc0+0x0000000000000474]
J 38779 c1 org.gradle.internal.work.DefaultWorkerLeaseService.runAsWorkerThread(Lorg/gradle/internal/Factory;)Ljava/lang/Object; (37 bytes) @ 0x00007425290b1804 [0x00007425290b1260+0x00000000000005a4]
J 37670 c1 org.gradle.internal.operations.DefaultBuildOperationQueue$WorkerRunnable.run()V (48 bytes) @ 0x0000742528f5e174 [0x0000742528f5dcc0+0x00000000000004b4]
J 38501 c2 org.gradle.internal.concurrent.AbstractManagedExecutor$1.run()V (57 bytes) @ 0x0000742530f1f424 [0x0000742530f1f140+0x00000000000002e4]
J 32130 c1 java.util.concurrent.ThreadPoolExecutor.runWorker(Ljava/util/concurrent/ThreadPoolExecutor$Worker;)V java.base@21.0.11 (187 bytes) @ 0x0000742528ed56ac [0x0000742528ed4d20+0x000000000000098c]
J 36166 c1 java.util.concurrent.ThreadPoolExecutor$Worker.run()V java.base@21.0.11 (9 bytes) @ 0x0000742528e9024c [0x0000742528e901c0+0x000000000000008c]
J 33597 c1 java.lang.Thread.run()V java.base@21.0.11 (23 bytes) @ 0x000074252c1e6a74 [0x000074252c1e6860+0x0000000000000214]
v  ~StubRoutines::call_stub 0x000074252fd37cc6
V  [libjvm.so+0x91456a]  JavaCalls::call_helper(JavaValue*, methodHandle const&, JavaCallArguments*, JavaThread*)+0x2da
V  [libjvm.so+0x915d52]  JavaCalls::call_virtual(JavaValue*, Handle, Klass*, Symbol*, Symbol*, JavaThread*)+0x1a2
...<more frames>...

siginfo: si_signo: 11 (SIGSEGV), si_code: 1 (SEGV_MAPERR), si_addr: 0x0000000373097ba0

Registers:
RAX=0x00007424cc65e890, RBX=0x0000000000000003, RCX=0x00007424c230af70, RDX=0x0000000373097b98
RSP=0x00007423c7cfb758, RBP=0x00007423c7cfb7a0, RSI=0x0000000701e86138, RDI=0x0000000373097b98
R8 =0x00000000000f4240, R9 =0x00000000000f4240, R10=0x0000742546259d60, R11=0x00007424cc65ecb0
R12=0x0000000000000000, R13=0x00007424c230b099, R14=0x00007423c7cfb7b8, R15=0x00007424440370a0
RIP=0x000074252fd51180, EFLAGS=0x0000000000010246, CSGSFS=0x002b000000000033, ERR=0x0000000000000004
  TRAPNO=0x000000000000000e

XMM[0]=0x0000000000000000 0x0000000000000000
XMM[1]=0x0000000000000000 0x0000000000000000
XMM[2]=0x0000000000000000 0x0000000000000000
XMM[3]=0x0000000000000000 0x0000000000000000
XMM[4]=0x6161613436366338 0x3537663739306536
XMM[5]=0x0000000000000000 0x00000000e00ef4a4
XMM[6]=0x64656d726f66736e 0x6172742f38373861
XMM[7]=0x61342d373431612d 0x3132653330653163
XMM[8]=0xa47a07fc05079168 0x7c647f5e2df6b007
XMM[9]=0xae42fa45ae42fa45 0xae42fa453df305ca
XMM[10]=0x0000000000000000 0x000000008fb00b85
XMM[11]=0x2a4ba6782a4ba678 0x2a4ba678683eac42
XMM[12]=0x0000000000000000 0x000000003df305ca
XMM[13]=0x0000000000000000 0x3da0bb1698fc4244
XMM[14]=0x0000000000000000 0x0f0e0d0c0b0a0908
XMM[15]=0x0000000000000000 0x0000000000000000
  MXCSR=0x00001fa7


Register to memory mapping:

RAX=0x00007424cc65e890 is a pointer to class: 
org.gradle.internal.execution.history.changes.InputChangesInternal {0x00007424cc65e890}
 - instance size:     2
 - klass size:        64
 - access:            public interface abstract 
 - flags:             rewritten should_verify_class has_miranda_methods 
 - state:             linked
 - name:              'org/gradle/internal/execution/history/changes/InputChangesInternal'
 - super:             'java/lang/Object'
 - sub:               
 - nof implementors:  1
 - implementor:    
   'org/gradle/internal/execution/history/changes/NonIncrementalInputChanges'
 - arrays:            null
 - methods:           Array<T>(0x00007424c230ad88)
 - method ordering:   Array<T>(0x00007424cbb356a8)
 - local interfaces:  Array<T>(0x00007424c230ad78)
 - trans. interfaces: Array<T>(0x00007424c230ad78)
 - secondary supers: Array<T>(0x00007424c230ad78)
 - hash_slot:         19
 - bitmap:            0x0000100000000000
 - constants:         constant pool [13] {0x00007424c230aca8} for 'org/gradle/internal/execution/history/changes/InputChangesInternal' cache=0x00007423c88c7ab0
 - class loader data:  loader data: 0x00007425402068c0 for instance a 'org/gradle/internal/classloader/VisitableURLClassLoader'{0x00000007005aa9a8}
 - source file:       'InputChangesInternal.java'
 - inner classes:     Array<T>(0x00007424cb619800)
 - nest members:     Array<T>(0x00007424cb619800)
 - permitted subclasses:     Array<T>(0x00007424cb619800)
 - java mirror:       a 'java/lang/Class'{0x0000000700df42f0} = 'org/gradle/internal/execution/history/changes/InputChangesInternal'
 - vtable length      5  (start addr: 0x00007424cc65ea60)
 - itable length      0 (start addr: 0x00007424cc65ea88)
 - ---- static fields (0 words):
 - ---- non-static fields (0 words):
 - non-static oop maps: 
RBX=0x0000000000000003 is an unknown value
RCX=0x00007424c230af70 is pointing into metadata
RDX=0x0000000373097b98 is an unknown value
RSP=0x00007423c7cfb758 is pointing into the stack for thread: 0x00007424440370a0
RBP=0x00007423c7cfb7a0 is pointing into the stack for thread: 0x00007424440370a0
RSI=0x0000000701e86138 is an oop: org.gradle.internal.execution.steps.ExecuteStep$$Lambda/0x00007424cc65ea90 
{0x0000000701e86138} - klass: 'org/gradle/internal/execution/steps/ExecuteStep$$Lambda+0x00007424cc65ea90'
 - ---- fields (total size 2 words):
RDI=0x0000000373097b98 is an unknown value
R8 =0x00000000000f4240 is an unknown value
R9 =0x00000000000f4240 is an unknown value
R10=0x0000742546259d60: <offset 0x000000000154ad60> in /usr/lib/jvm/java-21-openjdk-amd64/lib/server/libjvm.so at 0x0000742544d0f000
R11=0x00007424cc65ecb0 is pointing into metadata
R12=0x0 is null
R13=0x00007424c230b099 is pointing into metadata
R14=0x00007423c7cfb7b8 is pointing into the stack for thread: 0x00007424440370a0
R15=0x00007424440370a0 is a thread

Top of Stack: (sp=0x00007423c7cfb758)
0x00007423c7cfb758:   00007423c7cfb758 00007424c230b098   X...#t....0.$t..
0x00007423c7cfb768:   0000000000000003 00007424c230b150   ........P.0.$t..
0x00007423c7cfb778:   0000000000000000 0000000700df0040   ........@.......
0x00007423c7cfb788:   00007424c230b0a8 0000000000000000   ..0.$t..........
0x00007423c7cfb798:   00007423c7cfb7c0 00007423c7cfb880   ....#t......#t..
0x00007423c7cfb7a8:   000074252957cf9c 0000000373097b98   ..W)%t...{.s....
0x00007423c7cfb7b8:   0000000701e86138 000074240dc75a64   8a......dZ..$t..
0x00007423c7cfb7c8:   0000000700df5600 00007423c7cfb7d0   .V..........#t..
0x00007423c7cfb7d8:   000074240dec87d8 0000000000000002   ....$t..........
0x00007423c7cfb7e8:   000074240dec8990 0000000700622eb8   ....$t....b.....
0x00007423c7cfb7f8:   000074253046c14c 000074240dec87f0   L.F0%t......$t..
0x00007423c7cfb808:   0000000000000000 00007423c7cfb880   ............#t..
0x00007423c7cfb818:   000074252fd3f2f2 000074252fd3f2f2   .../%t...../%t..
0x00007423c7cfb828:   0000000701e86138 0000000700622eb8   8a........b.....
0x00007423c7cfb838:   00007423c7cfb838 00007424c122534d   8...#t..MS".$t..
0x00007423c7cfb848:   0000000000000003 00007424c1225e80   .........^".$t..
0x00007423c7cfb858:   0000000000000000 0000000701541ca0   ..........T.....
0x00007423c7cfb868:   00007424c12253a0 00007423c7cfb828   .S".$t..(...#t..
0x00007423c7cfb878:   00007423c7cfb890 00007423c7cfb8e8   ....#t......#t..
0x00007423c7cfb888:   000074252fd3f2f2 000000073a5408d8   .../%t....T:....
0x00007423c7cfb898:   000000073a7df3a8 00007423c7cfb8a0   ..}:........#t..
0x00007423c7cfb8a8:   00007424c12251a9 0000000000000008   .Q".$t..........
0x00007423c7cfb8b8:   00007424c1225e80 0000000000000000   .^".$t..........
0x00007423c7cfb8c8:   0000000701541ca0 00007424c1225250   ..T.....PR".$t..
0x00007423c7cfb8d8:   00007423c7cfb890 00007423c7cfb920   ....#t.. ...#t..
0x00007423c7cfb8e8:   00007423c7cfb978 000074252fd3f2f2   x...#t...../%t..
0x00007423c7cfb8f8:   0000000000000000 000000073a540a20   ........ .T:....
0x00007423c7cfb908:   000000073a7e05b0 000000073a5408d8   ..~:......T:....
0x00007423c7cfb918:   000000073a7e05a0 000000073a7df3a8   ..~:......}:....
0x00007423c7cfb928:   000000073a9d4200 00007423c7cfb930   .B.:....0...#t..
0x00007423c7cfb938:   00007424c12254fa 0000000000000003   .T".$t..........
0x00007423c7cfb948:   00007424c1225e80 0000000000000000   .^".$t..........

Instructions: (pc=0x000074252fd51180)
0x000074252fd51080:   58 48 3b 00 e9 4f 04 ff ff 0f 1f 80 00 00 00 00
0x000074252fd51090:   f6 18 e3 45 25 74 00 00 30 02 00 00 c0 00 00 00
0x000074252fd510a0:   58 48 85 c0 0f 84 e4 01 00 00 48 8b 4d e8 48 8b
0x000074252fd510b0:   49 08 48 8b 49 08 48 8b 51 08 41 0f b7 5d 01 0f
0x000074252fd510c0:   cb c1 eb 10 80 7c 1a 04 07 0f 84 a0 00 00 00 50
0x000074252fd510d0:   e8 05 00 00 00 e9 80 00 00 00 48 8d 44 24 08 4c
0x000074252fd510e0:   89 6d c0 49 8b ff c5 f8 77 49 89 af b0 03 00 00
0x000074252fd510f0:   49 89 87 a0 03 00 00 40 f6 c4 0f 0f 84 12 00 00
0x000074252fd51100:   00 48 83 ec 08 e8 06 75 8c 15 48 83 c4 08 e9 05
0x000074252fd51110:   00 00 00 e8 f8 74 8c 15 49 c7 87 a0 03 00 00 00
0x000074252fd51120:   00 00 00 49 c7 87 b0 03 00 00 00 00 00 00 49 c7
0x000074252fd51130:   87 a8 03 00 00 00 00 00 00 c5 f8 77 49 83 7f 08
0x000074252fd51140:   00 0f 84 05 00 00 00 e9 b4 6a fe ff 4c 8b 6d c0
0x000074252fd51150:   4c 8b 75 c8 4e 8d 74 f5 00 c3 49 8b 87 00 04 00
0x000074252fd51160:   00 49 c7 87 00 04 00 00 00 00 00 00 5a eb 11 48
0x000074252fd51170:   8b d0 66 8b 5c d9 48 48 8b 49 28 48 8b 44 d9 08
0x000074252fd51180:   8b 5a 08 49 ba 00 00 00 cb 24 74 00 00 49 03 da
0x000074252fd51190:   48 8b 4d d8 48 85 c9 0f 84 8a 00 00 00 48 8b 79
0x000074252fd511a0:   18 48 3b fb 0f 85 0f 00 00 00 48 83 41 20 01 48
0x000074252fd511b0:   83 59 20 00 e9 66 00 00 00 48 85 ff 0f 84 37 00
0x000074252fd511c0:   00 00 48 8b 79 28 48 3b fb 0f 85 0f 00 00 00 48
0x000074252fd511d0:   83 41 30 01 48 83 59 30 00 e9 41 00 00 00 48 85
0x000074252fd511e0:   ff 0f 85 38 00 00 00 48 89 59 28 bf 01 00 00 00
0x000074252fd511f0:   48 89 79 30 e9 26 00 00 00 48 3b 59 28 0f 85 0f
0x000074252fd51200:   00 00 00 48 83 41 30 01 48 83 59 30 00 e9 0d 00
0x000074252fd51210:   00 00 48 89 59 18 bf 01 00 00 00 48 89 79 20 48
0x000074252fd51220:   83 c1 38 48 89 4d d8 48 3b d8 0f 84 56 00 00 00
0x000074252fd51230:   8b 48 14 48 3b 04 0b 0f 84 49 00 00 00 83 f9 20
0x000074252fd51240:   0f 85 1d 00 00 00 57 48 8b 7b 28 8b 0f 48 83 c7
0x000074252fd51250:   08 48 85 c0 f2 48 af 5f 75 09 48 89 43 20 e9 23
0x000074252fd51260:   00 00 00 48 8b 4d d8 48 85 c9 0f 84 10 00 00 00
0x000074252fd51270:   48 83 41 d0 ff 0f 88 05 00 00 00 48 83 41 d0 01


Stack slot to memory mapping:

stack at sp + 0 slots: 0x00007423c7cfb758 is pointing into the stack for thread: 0x00007424440370a0
stack at sp + 1 slots: 0x00007424c230b098 is pointing into metadata
stack at sp + 2 slots: 0x0000000000000003 is an unknown value
stack at sp + 3 slots: 0x00007424c230b150 is pointing into metadata
stack at sp + 4 slots: 0x0 is null
stack at sp + 5 slots: 0x0000000700df0040 is an oop: java.lang.Class 
{0x0000000700df0040} - klass: 'java/lang/Class'
 - ---- fields (total size 14 words):
 - private volatile transient 'classRedefinedCount' 'I' @12  0 (0x00000000)
 - injected 'klass' 'J' @16  127701396875920 (0x00007424cc65ea90)
 - injected 'array_klass' 'J' @24  0 (0x0000000000000000)
 - injected 'oop_size' 'I' @32  14 (0x0000000e)
 - injected 'static_oop_field_count' 'I' @36  0 (0x00000000)
 - private volatile transient 'cachedConstructor' 'Ljava/lang/reflect/Constructor;' @40  null (0x00000000)
 - private transient 'name' 'Ljava/lang/String;' @44  "org.gradle.internal.execution.steps.ExecuteStep$$Lambda/0x00007424cc65ea90"{0x0000000700df2998} (0xe01be533)
 - private transient 'module' 'Ljava/lang/Module;' @48  a 'java/lang/Module'{0x00000007005aa970} (0xe00b552e)
 - private final 'classLoader' 'Ljava/lang/ClassLoader;' @52  a 'org/gradle/internal/classloader/VisitableURLClassLoader'{0x00000007005aa9a8} (0xe00b5535)
 - private transient 'classData' 'Ljava/lang/Object;' @56  null (0x00000000)
 - private transient 'packageName' 'Ljava/lang/String;' @60  "org.gradle.internal.execution.steps"{0x0000000700b6a440} (0xe016d488)
 - private final 'componentType' 'Ljava/lang/Class;' @64  null (0x00000000)
 - private volatile transient 'reflectionData' 'Ljava/lang/ref/SoftReference;' @68  null (0x00000000)
 - private volatile transient 'genericInfo' 'Lsun/reflect/generics/repository/ClassRepository;' @72  null (0x00000000)
 - private volatile transient 'enumConstants' '[Ljava/lang/Object;' @76  null (0x00000000)
 - private volatile transient 'enumConstantDirectory' 'Ljava/util/Map;' @80  null (0x00000000)
 - private volatile transient 'annotationData' 'Ljava/lang/Class$AnnotationData;' @84  null (0x00000000)
 - private volatile transient 'annotationType' 'Lsun/reflect/annotation/AnnotationType;' @88  null (0x00000000)
 - transient 'classValueMap' 'Ljava/lang/ClassValue$ClassValueMap;' @92  null (0x00000000)
 - injected 'protection_domain' 'Ljava/lang/Object;' @96  a 'java/security/ProtectionDomain'{0x00000007005b6ec0} (0xe00b6dd8)
 - injected 'signers_name' 'Ljava/lang/Object;' @100  null (0x00000000)
 - injected 'source_file' 'Ljava/lang/Object;' @104  null (0x00000000)
 - injected '<init_lock>' 'Ljava/lang/Object;' @108  null (0x00000000)
 - signature: Lorg/gradle/internal/execution/steps/ExecuteStep$$Lambda+0x00007424cc65ea90;
 - ---- static fields (0):
stack at sp + 6 slots: {method} {0x00007424c230b0a8} 'test' '(Ljava/lang/Object;)Z' in 'org/gradle/internal/execution/steps/ExecuteStep$$Lambda+0x00007424cc65ea90'
stack at sp + 7 slots: 0x0 is null

checkcast  192 checkcast  [0x000074252fd510a0, 0x000074252fd512c0]  544 bytes
[MachCode]
  0x000074252fd510a0: 5848 85c0 | 0f84 e401 | 0000 488b | 4de8 488b | 4908 488b | 4908 488b | 5108 410f | b75d 010f 
  0x000074252fd510c0: cbc1 eb10 | 807c 1a04 | 070f 84a0 | 0000 0050 | e805 0000 | 00e9 8000 | 0000 488d | 4424 084c 
  0x000074252fd510e0: 896d c049 | 8bff c5f8 | 7749 89af | b003 0000 | 4989 87a0 | 0300 0040 | f6c4 0f0f | 8412 0000 
  0x000074252fd51100: 0048 83ec | 08e8 0675 | 8c15 4883 | c408 e905 | 0000 00e8 | f874 8c15 | 49c7 87a0 | 0300 0000 
  0x000074252fd51120: 0000 0049 | c787 b003 | 0000 0000 | 0000 49c7 | 87a8 0300 | 0000 0000 | 00c5 f877 | 4983 7f08 
  0x000074252fd51140: 000f 8405 | 0000 00e9 | b46a feff | 4c8b 6dc0 | 4c8b 75c8 | 4e8d 74f5 | 00c3 498b | 8700 0400 
  0x000074252fd51160: 0049 c787 | 0004 0000 | 0000 0000 | 5aeb 1148 | 8bd0 668b | 5cd9 4848 | 8b49 2848 | 8b44 d908 
  0x000074252fd51180: 8b5a 0849 | ba00 0000 | cb24 7400 | 0049 03da | 488b 4dd8 | 4885 c90f | 848a 0000 | 0048 8b79 
  0x000074252fd511a0: 1848 3bfb | 0f85 0f00 | 0000 4883 | 4120 0148 | 8359 2000 | e966 0000 | 0048 85ff | 0f84 3700 
  0x000074252fd511c0: 0000 488b | 7928 483b | fb0f 850f | 0000 0048 | 8341 3001 | 4883 5930 | 00e9 4100 | 0000 4885 
  0x000074252fd511e0: ff0f 8538 | 0000 0048 | 8959 28bf | 0100 0000 | 4889 7930 | e926 0000 | 0048 3b59 | 280f 850f 
  0x000074252fd51200: 0000 0048 | 8341 3001 | 4883 5930 | 00e9 0d00 | 0000 4889 | 5918 bf01 | 0000 0048 | 8979 2048 
  0x000074252fd51220: 83c1 3848 | 894d d848 | 3bd8 0f84 | 5600 0000 | 8b48 1448 | 3b04 0b0f | 8449 0000 | 0083 f920 
  0x000074252fd51240: 0f85 1d00 | 0000 5748 | 8b7b 288b | 0f48 83c7 | 0848 85c0 | f248 af5f | 7509 4889 | 4320 e923 
  0x000074252fd51260: 0000 0048 | 8b4d d848 | 85c9 0f84 | 1000 0000 | 4883 41d0 | ff0f 8805 | 0000 0048 | 8341 d001 
  0x000074252fd51280: 52e9 6c11 | ffff 488b | c2e9 1900 | 0000 488b | 4dd8 4885 | c90f 840c | 0000 0080 | 4901 0148 
  0x000074252fd512a0: 83c1 3848 | 894d d841 | 0fb6 5d03 | 4983 c503 | 49ba 609d | 2546 2574 | 0000 41ff | 24da 6690 
[/MachCode]

Compiled method (c1) 6522142 7416       2       java.util.Optional::filter (35 bytes)
 total in heap  [0x000074252957cd10,0x000074252957d208] = 1272
 relocation     [0x000074252957ce68,0x000074252957cec8] = 96
 main code      [0x000074252957cee0,0x000074252957d0f0] = 528
 stub code      [0x000074252957d0f0,0x000074252957d140] = 80
 metadata       [0x000074252957d140,0x000074252957d150] = 16
 scopes data    [0x000074252957d150,0x000074252957d190] = 64
 scopes pcs     [0x000074252957d190,0x000074252957d200] = 112
 dependencies   [0x000074252957d200,0x000074252957d208] = 8

[Constant Pool (empty)]

[MachCode]
[Entry Point]
  # {method} {0x00007424cb0e54d8} 'filter' '(Ljava/util/function/Predicate;)Ljava/util/Optional;' in 'java/util/Optional'
  # this:     rsi:rsi   = 'java/util/Optional'
  # parm0:    rdx:rdx   = 'java/util/function/Predicate'
  #           [sp+0x60]  (sp of caller)
  0x000074252957cee0: 448b 5608 | 49bb 0000 | 00cb 2474 | 0000 4d03 | d34c 3bd0 

  0x000074252957cef4: ;   {runtime_call ic_miss_stub}
  0x000074252957cef4: 0f85 8681 | 8006 660f | 1f44 0000 
[Verified Entry Point]
  0x000074252957cf00: 8984 2400 | c0fe ff55 | 4883 ec50 | 4181 7f20 | 1900 0000 

  0x000074252957cf14: ;   {runtime_call StubRoutines (final stubs)}
  0x000074252957cf14: 7405 e885 | e57e 0648 | 8974 2430 | 48b8 e8bd | d3c1 2474 | 0000 8b78 | 0883 c702 | 8978 0881 
  0x000074252957cf34: e7fe 0f00 | 0085 ff0f | 8415 0100 | 0048 85d2 | 0f84 8200 | 0000 8b7e | 0c48 c1e7 | 0348 85ff 
  0x000074252957cf54: b800 0000 | 0075 05b8 | 0100 0000 | 83e0 0185 | c00f 8416 | 0000 0048 | 8bc6 4883 

  0x000074252957cf70: ;   {poll_return}
  0x000074252957cf70: c450 5d49 | 3ba7 5004 | 0000 0f87 | f700 0000 | c348 8bda | 488b d748 | 8bf3 6666 | 9048 b8a0 
  0x000074252957cf90: 7219 7124 

  0x000074252957cf94: ;   {virtual_call}
  0x000074252957cf94: 7400 00e8 

  0x000074252957cf98: ; ImmutableOopMap {[48]=Oop }
                      ;*invokeinterface test {reexecute=0 rethrow=0 return_oop=0}
                      ; - java.util.Optional::filter@19 (line 218)
  0x000074252957cf98: 7462 8d06 

  0x000074252957cf9c: ;   {other}
  0x000074252957cf9c: 0f1f 8400 | 8c02 0000 | 85c0 488b 

  0x000074252957cfa8: ;   {oop(a 'java/util/Optional'{0x0000000700622cf8})}
  0x000074252957cfa8: 7424 3048 | b8f8 2c62 | 0007 0000 | 0048 0f45 | c648 83c4 

  0x000074252957cfbc: ;   {poll_return}
  0x000074252957cfbc: 505d 493b | a750 0400 | 000f 87c2 | 0000 00c3 | 4889 5424 | 400f 1f80 | 0000 0000 

  0x000074252957cfd8: ;   {no_reloc}
  0x000074252957cfd8: e9d5 0000 | 0000 0000 | 0000 498b | 87b8 0100 | 0048 8d78 | 3049 3bbf | c801 0000 | 0f87 c200 
  0x000074252957cff8: 0000 4989 | bfb8 0100 | 0048 c700 | 0100 0000 | 488b ca49 | ba00 0000 | cb24 7400 | 0049 2bca 
  0x000074252957d018: 8948 0848 | 33c9 8948 | 0c48 33c9 | 4889 4810 | 4889 4818 | 4889 4820 | 4889 4828 | 488b f048 
  0x000074252957d038: 8944 2438 

  0x000074252957d03c: ;   {optimized virtual_call}
  0x000074252957d03c: 6666 90e8 

  0x000074252957d040: ; ImmutableOopMap {[48]=Oop [56]=Oop [64]=Oop }
                      ;*invokespecial <init> {reexecute=0 rethrow=0 return_oop=0}
                      ; - java.util.Objects::requireNonNull@8 (line 233)
                      ; - java.util.Optional::filter@1 (line 214)
  0x000074252957d040: 3c83 8006 

  0x000074252957d044: ;   {other}
  0x000074252957d044: 0f1f 8400 | 3403 0001 | 488b 4424 | 38e9 9000 

  0x000074252957d054: ;   {metadata({method} {0x00007424cb0e54d8} 'filter' '(Ljava/util/function/Predicate;)Ljava/util/Optional;' in 'java/util/Optional')}
  0x000074252957d054: 0000 49ba | d854 0ecb | 2474 0000 | 4c89 5424 | 0848 c704 | 24ff ffff 

  0x000074252957d06c: ;   {runtime_call counter_overflow Runtime1 stub}
  0x000074252957d06c: ffe8 8ee3 

  0x000074252957d070: ; ImmutableOopMap {rsi=Oop rdx=Oop [48]=Oop }
                      ;*synchronization entry
                      ; - java.util.Optional::filter@-1 (line 214)
  0x000074252957d070: 8c06 e9ca 

  0x000074252957d074: ;   {internal_word}
  0x000074252957d074: feff ff49 | ba73 cf57 | 2925 7400 | 004d 8997 | 6804 0000 

  0x000074252957d088: ;   {runtime_call SafepointBlob}
  0x000074252957d088: e973 ef80 

  0x000074252957d08c: ;   {internal_word}
  0x000074252957d08c: 0649 babe | cf57 2925 | 7400 004d | 8997 6804 

  0x000074252957d09c: ;   {runtime_call SafepointBlob}
  0x000074252957d09c: 0000 e95d 

  0x000074252957d0a0: ;   {metadata(nullptr)}
  0x000074252957d0a0: ef80 0648 | ba00 0000 | 0000 0000 | 00b8 000f 

  0x000074252957d0b0: ;   {runtime_call load_klass_patching Runtime1 stub}
  0x000074252957d0b0: 050a e8c9 

  0x000074252957d0b4: ; ImmutableOopMap {[48]=Oop [64]=Oop }
                      ;*new {reexecute=1 rethrow=0 return_oop=0}
                      ; - (reexecute) java.util.Objects::requireNonNull@4 (line 233)
                      ; - java.util.Optional::filter@1 (line 214)
  0x000074252957d0b4: c68c 06e9 | 1cff ffff 

  0x000074252957d0bc: ;   {runtime_call fast_new_instance Runtime1 stub}
  0x000074252957d0bc: 488b d2e8 

  0x000074252957d0c0: ; ImmutableOopMap {[48]=Oop [64]=Oop }
                      ;*new {reexecute=0 rethrow=0 return_oop=0}
                      ; - java.util.Objects::requireNonNull@4 (line 233)
                      ; - java.util.Optional::filter@1 (line 214)
  0x000074252957d0c0: 3c82 8c06 | e96b ffff | ff49 8b87 | 0005 0000 | 49c7 8700 | 0500 0000 | 0000 0049 | c787 0805 
  0x000074252957d0e0: 0000 0000 | 0000 4883 

  0x000074252957d0e8: ;   {runtime_call unwind_exception Runtime1 stub}
  0x000074252957d0e8: c450 5de9 | 1061 8c06 
[Stub Code]
  0x000074252957d0f0: ;   {no_reloc}
  0x000074252957d0f0: 0f1f 4400 

  0x000074252957d0f4: ;   {static_stub}
  0x000074252957d0f4: 0048 bb00 | 0000 0000 

  0x000074252957d0fc: ;   {runtime_call nmethod}
  0x000074252957d0fc: 0000 00e9 | fbff ffff 

  0x000074252957d104: ;   {static_stub}
  0x000074252957d104: 48bb 0000 | 0000 0000 

  0x000074252957d10c: ;   {runtime_call nmethod}
  0x000074252957d10c: 0000 e9fb 

  0x000074252957d110: ;   {runtime_call handle_exception_from_callee Runtime1 stub}
  0x000074252957d110: ffff ffe8 | 689b 8c06 

  0x000074252957d118: ;   {external_word}
  0x000074252957d118: 48bf 5311 | e345 2574 | 0000 4883 

  0x000074252957d124: ;   {runtime_call MacroAssembler::debug64(char*, long, long*)}
  0x000074252957d124: e4f0 e815 | ea38 1cf4 
[Deopt Handler Code]
  0x000074252957d12c: ;   {section_word}
  0x000074252957d12c: 49ba 2cd1 | 5729 2574 | 0000 4152 

  0x000074252957d138: ;   {runtime_call DeoptimizationBlob}
  0x000074252957d138: e963 e180 | 06f4 f4f4 
[/MachCode]


Compiled method (c2) 6522152 38973       4       org.gradle.internal.operations.DefaultBuildOperationRunner$CallableBuildOperationWorker::execute (10 bytes)
 total in heap  [0x00007425305a8090,0x00007425305a8540] = 1200
 relocation     [0x00007425305a81e8,0x00007425305a8218] = 48
 main code      [0x00007425305a8220,0x00007425305a8450] = 560
 stub code      [0x00007425305a8450,0x00007425305a8468] = 24
 oops           [0x00007425305a8468,0x00007425305a8470] = 8
 metadata       [0x00007425305a8470,0x00007425305a8488] = 24
 scopes data    [0x00007425305a8488,0x00007425305a84c0] = 56
 scopes pcs     [0x00007425305a84c0,0x00007425305a8510] = 80
 dependencies   [0x00007425305a8510,0x00007425305a8518] = 8
 handler table  [0x00007425305a8518,0x00007425305a8530] = 24
 nul chk table  [0x00007425305a8530,0x00007425305a8540] = 16

[Constant Pool (empty)]

[MachCode]
[Entry Point]
  # {method} {0x00007424c0dadd38} 'execute' '(Lorg/gradle/internal/operations/BuildOperation;Lorg/gradle/internal/operations/BuildOperationContext;)V' in 'org/gradle/internal/operations/DefaultBuildOperationRunner$CallableBuildOperationWorker'
  # this:     rsi:rsi   = 'org/gradle/internal/operations/DefaultBuildOperationRunner$CallableBuildOperationWorker'
  # parm0:    rdx:rdx   = 'org/gradle/internal/operations/BuildOperation'
  # parm1:    rcx:rcx   = 'org/gradle/internal/operations/BuildOperationContext'
  #           [sp+0x30]  (sp of caller)
  0x00007425305a8220: 448b 5608 | 49bb 0000 | 00cb 2474 | 0000 4d03 | d349 3bc2 

  0x00007425305a8234: ;   {runtime_call ic_miss_stub}
  0x00007425305a8234: 0f85 46ce | 7dff 6690 | 0f1f 4000 
[Verified Entry Point]
  0x00007425305a8240: 8984 2400 | c0fe ff55 | 4883 ec20 | 4181 7f20 | 1900 0000 | 0f85 e801 | 0000 4c8b | ca48 8934 
  0x00007425305a8260: 244c 8bd1 

  0x00007425305a8264: ; implicit exception: dispatches to 0x00007425305a8417
  0x00007425305a8264: 448b 4208 

  0x00007425305a8268: ;   {metadata('org/gradle/internal/operations/CallableBuildOperation')}
  0x00007425305a8268: 48b8 0032 | 22cc 2474 | 0000 48be | 0000 00cb | 2474 0000 | 4903 f04c | 8b5e 204c | 3bd8 0f85 
  0x00007425305a8288: 8100 0000 | 498b f149 | 8bd2 6666 | 9048 b850 | d906 dc23 

  0x00007425305a829c: ;   {virtual_call}
  0x00007425305a829c: 7400 00e8 

  0x00007425305a82a0: ; ImmutableOopMap {[0]=Oop }
                      ;*invokeinterface call {reexecute=0 rethrow=0 return_oop=1}
                      ; - org.gradle.internal.operations.DefaultBuildOperationRunner$CallableBuildOperationWorker::execute@3 (line 200)
                      ; - org.gradle.internal.operations.DefaultBuildOperationRunner$CallableBuildOperationWorker::execute@6 (line 195)
  0x00007425305a82a0: 6caf 8aff 

  0x00007425305a82a4: ;   {other}
  0x00007425305a82a4: 0f1f 8400 | 1402 0000 | 488b d841 | 807f 4000 | 0f85 ae00 | 0000 488b | 2c24 4c8b | db49 c1eb 
  0x00007425305a82c4: 0344 895d | 0c4c 8bd5 | 4c8b db4d | 33da 49c1 | eb15 4d85 | db74 1f48 | 85db 741a | 49c1 ea09 
  0x00007425305a82e4: 48bf 0000 | e023 2574 | 0000 4903 | fa80 3f02 | 0f85 a500 | 0000 4883 

  0x00007425305a82fc: ;   {poll_return}
  0x00007425305a82fc: c420 5d49 | 3ba7 5004 | 0000 0f87 | 2001 0000 | c348 33ff | 4c8b 9ea0 | 0000 0049 | 8bd3 48c1 
  0x00007425305a831c: e215 0f89 | 2100 0000 | f348 0fb8 | d248 8b5e | 2848 3b04 | d374 1549 | 0fba e32b | 730b 49c1 
  0x00007425305a833c: ;   {runtime_call StubRoutines (compiler stubs)}
  0x00007425305a833c: cb2a e8b4 | 7a80 ffeb | 0348 ffc7 | 4885 ff0f | 843b ffff | ffbe deff | ffff 498b 

  0x00007425305a8358: ;   {runtime_call UncommonTrapBlob}
  0x00007425305a8358: e966 90e8 

  0x00007425305a835c: ; ImmutableOopMap {rbp=Oop }
                      ;*checkcast {reexecute=0 rethrow=0 return_oop=0}
                      ; - org.gradle.internal.operations.DefaultBuildOperationRunner$CallableBuildOperationWorker::execute@2 (line 195)
  0x00007425305a835c: a02b 7eff 

  0x00007425305a8360: ;   {other}
  0x00007425305a8360: 0f1f 8400 | d002 0001 | 488b 2c24 | 448b 550c | 4585 d20f | 8445 ffff | ff4d 8b5f | 2849 8bfa 
  0x00007425305a8380: 48c1 e703 | 4d85 db74 | 644d 8b57 | 384b 897c | 1af8 4983 | c3f8 4d89 | 5f28 e91f | ffff ff4d 
  0x00007425305a83a0: 8b57 584d | 8b5f 48f0 | 8344 24c0 | 0080 3f00 | 0f84 44ff | ffff 4488 | 274d 85db | 751d 498b 
  0x00007425305a83c0: f749 ba10 | 7e4c 4525 | 7400 0041 

  0x00007425305a83cc: ;   {other}
  0x00007425305a83cc: ffd2 0f1f | 8400 0000 | 0000 e91f | ffff ff4b | 897c 1af8 | 4983 c3f8 | 4d89 5f48 | e90d ffff 
  0x00007425305a83ec: ff49 8bf7 | 49ba e07d | 4c45 2574 | 0000 41ff 

  0x00007425305a83fc: ;   {other}
  0x00007425305a83fc: d20f 1f84 | 0000 0000 | 00e9 b4fe | ffff 488b | f048 83c4 

  0x00007425305a8410: ;   {runtime_call _rethrow_Java}
  0x00007425305a8410: 205d e9e9 | f88a ffbe | f4ff ffff 

  0x00007425305a841c: ;   {runtime_call UncommonTrapBlob}
  0x00007425305a841c: 488b e9e8 

  0x00007425305a8420: ; ImmutableOopMap {rbp=Oop [0]=Oop }
                      ;*checkcast {reexecute=0 rethrow=0 return_oop=0}
                      ; - org.gradle.internal.operations.DefaultBuildOperationRunner$CallableBuildOperationWorker::execute@2 (line 195)
  0x00007425305a8420: dc2a 7eff 

  0x00007425305a8424: ;   {other}
  0x00007425305a8424: 0f1f 8400 | 9403 0002 

  0x00007425305a842c: ;   {internal_word}
  0x00007425305a842c: 49ba ff82 | 5a30 2574 | 0000 4d89 | 9768 0400 

  0x00007425305a843c: ;   {runtime_call SafepointBlob}
  0x00007425305a843c: 00e9 be3b 

  0x00007425305a8440: ;   {runtime_call StubRoutines (final stubs)}
  0x00007425305a8440: 7eff e859 | 307c ffe9 | 0efe ffff | f4f4 f4f4 
[Exception Handler]
  0x00007425305a8450: ;   {no_reloc}
  0x00007425305a8450: e9ab 498a | ffe8 0000 | 0000 4883 

  0x00007425305a845c: ;   {runtime_call DeoptimizationBlob}
  0x00007425305a845c: 2c24 05e9 | 3c2e 7eff | f4f4 f4f4 
[/MachCode]


---------------  P R O C E S S  ---------------

Threads class SMR info:
_java_thread_list=0x00007424b8009770, length=99, elements={
0x000074254001b730, 0x0000742540120040, 0x00007425401215c0, 0x0000742540122d70,
0x00007425401243c0, 0x0000742540125970, 0x00007425401274c0, 0x0000742540128b90,
0x000074254017e820, 0x00007425401db880, 0x0000742541184fc0, 0x00007425411e95c0,
0x000074254120d520, 0x0000742470204650, 0x000074247020dd80, 0x00007424702235d0,
0x0000742470b01f50, 0x0000742470b02bd0, 0x0000742470cba320, 0x0000742471238bb0,
0x0000742471637810, 0x00007424040e7010, 0x0000742404101350, 0x00007424041209b0,
0x00007423d02ed790, 0x00007423d03a6dc0, 0x0000742430045b90, 0x000074243004e360,
0x00007424300abb70, 0x00007424300b9e20, 0x00007423d8031750, 0x000074248c015e50,
0x000074248401f700, 0x000074248400d9b0, 0x000074248400e0c0, 0x0000742478027e80,
0x000074247803d180, 0x0000742478026530, 0x0000742478022580, 0x000074247803b1b0,
0x0000742478026e10, 0x0000742478027520, 0x000074247802c400, 0x0000742478017d00,
0x000074247802d1e0, 0x000074247803bcc0, 0x0000742478036fd0, 0x0000742478037890,
0x000074247803de30, 0x00007424780288b0, 0x0000742478016050, 0x000074247803f350,
0x00007423d4003b90, 0x00007423d406a660, 0x00007423d406ad70, 0x00007423d4012e70,
0x00007423d4013580, 0x00007423d406ebd0, 0x00007423d406f2e0, 0x00007423ec006730,
0x00007423ec162cc0, 0x00007423ec167bd0, 0x00007423ec156780, 0x00007423ec0011a0,
0x00007423ec002320, 0x00007423ec047b50, 0x00007423ec048260, 0x00007423ec041f10,
0x00007423ec042620, 0x00007423ec042d30, 0x00007423ec003b60, 0x00007423ec004270,
0x00007423ec004980, 0x00007423ec005090, 0x00007423ec02a9e0, 0x00007423ec02b450,
0x00007424780407d0, 0x0000742478041730, 0x0000742478042bb0, 0x0000742478043db0,
0x0000742478045240, 0x0000742478046050, 0x00007424780474f0, 0x000074247804b0c0,
0x000074247804bdd0, 0x000074246c00c320, 0x000074246c037bd0, 0x000074246c0388d0,
0x000074246c03e660, 0x000074244400e740, 0x000074244400c080, 0x000074244404fce0,
0x0000742444052e60, 0x000074244407a9d0, 0x00007424440793a0, 0x00007424440370a0,
0x00007424440377b0, 0x000074244407bf80, 0x000074244407cda0
}

Java Threads: ( => current thread )
  0x000074254001b730 JavaThread "main"                              [_thread_blocked, id=123, stack(0x000074254487a000,0x000074254497a000) (1024K)]
  0x0000742540120040 JavaThread "Reference Handler"          daemon [_thread_blocked, id=131, stack(0x00007425204f4000,0x00007425205f4000) (1024K)]
  0x00007425401215c0 JavaThread "Finalizer"                  daemon [_thread_blocked, id=132, stack(0x00007425203f4000,0x00007425204f4000) (1024K)]
  0x0000742540122d70 JavaThread "Signal Dispatcher"          daemon [_thread_blocked, id=133, stack(0x00007425202f4000,0x00007425203f4000) (1024K)]
  0x00007425401243c0 JavaThread "Service Thread"             daemon [_thread_blocked, id=134, stack(0x00007425201f4000,0x00007425202f4000) (1024K)]
  0x0000742540125970 JavaThread "Monitor Deflation Thread"   daemon [_thread_blocked, id=135, stack(0x00007425200f4000,0x00007425201f4000) (1024K)]
  0x00007425401274c0 JavaThread "C2 CompilerThread0"         daemon [_thread_blocked, id=136, stack(0x00007424caf00000,0x00007424cb000000) (1024K)]
  0x0000742540128b90 JavaThread "C1 CompilerThread0"         daemon [_thread_blocked, id=137, stack(0x00007424cae00000,0x00007424caf00000) (1024K)]
  0x000074254017e820 JavaThread "Common-Cleaner"             daemon [_thread_blocked, id=138, stack(0x00007424cad00000,0x00007424cae00000) (1024K)]
  0x00007425401db880 JavaThread "Notification Thread"        daemon [_thread_blocked, id=139, stack(0x00007424cac00000,0x00007424cad00000) (1024K)]
  0x0000742541184fc0 JavaThread "Daemon health stats"               [_thread_blocked, id=142, stack(0x00007424ca300000,0x00007424ca400000) (1024K)]
  0x00007425411e95c0 JavaThread "Incoming local TCP Connector on port 35517"        [_thread_in_native, id=143, stack(0x00007424ca200000,0x00007424ca300000) (1024K)]
  0x000074254120d520 JavaThread "Daemon periodic checks"            [_thread_blocked, id=144, stack(0x00007424ca100000,0x00007424ca200000) (1024K)]
  0x0000742470204650 JavaThread "Cache worker for journal cache (/root/.gradle/caches/journal-1)"        [_thread_blocked, id=154, stack(0x00007424c9900000,0x00007424c9a00000) (1024K)]
  0x000074247020dd80 JavaThread "File lock request listener"        [_thread_in_native, id=155, stack(0x00007424c9800000,0x00007424c9900000) (1024K)]
  0x00007424702235d0 JavaThread "Cache worker for file hash cache (/root/.gradle/caches/8.7/fileHashes)"        [_thread_blocked, id=156, stack(0x00007424c9700000,0x00007424c9800000) (1024K)]
  0x0000742470b01f50 JavaThread "File watcher server"        daemon [_thread_in_native, id=164, stack(0x00007424c8efa000,0x00007424c8ffa000) (1024K)]
  0x0000742470b02bd0 JavaThread "File watcher consumer"      daemon [_thread_blocked, id=165, stack(0x00007424c8dfa000,0x00007424c8efa000) (1024K)]
  0x0000742470cba320 JavaThread "Cache worker for file content cache (/root/.gradle/caches/8.7/fileContent)"        [_thread_blocked, id=169, stack(0x00007424c89fa000,0x00007424c8afa000) (1024K)]
  0x0000742471238bb0 JavaThread "jar transforms"                    [_thread_blocked, id=170, stack(0x00007424c88fa000,0x00007424c89fa000) (1024K)]
  0x0000742471637810 JavaThread "Memory manager"                    [_thread_blocked, id=228, stack(0x0000742409e00000,0x0000742409f00000) (1024K)]
  0x00007424040e7010 JavaThread "process reaper (pid 292)"   daemon [_thread_in_native, id=294, stack(0x000074254402f000,0x0000742544051000) (136K)]
  0x0000742404101350 JavaThread "RMI Scheduler(0)"           daemon [_thread_blocked, id=315, stack(0x00007423c6200000,0x00007423c6300000) (1024K)]
  0x00007424041209b0 JavaThread "RMI TCP Accept-0"           daemon [_thread_in_native, id=319, stack(0x00007423c5f00000,0x00007423c6000000) (1024K)]
  0x00007423d02ed790 JavaThread "jar transforms Thread 2"           [_thread_blocked, id=337, stack(0x00007423c6100000,0x00007423c6200000) (1024K)]
  0x00007423d03a6dc0 JavaThread "jar transforms Thread 3"           [_thread_blocked, id=339, stack(0x00007423c5b00000,0x00007423c5c00000) (1024K)]
  0x0000742430045b90 JavaThread "jar transforms Thread 4"           [_thread_blocked, id=466, stack(0x000074240ad00000,0x000074240ae00000) (1024K)]
  0x000074243004e360 JavaThread "jar transforms Thread 5"           [_thread_blocked, id=467, stack(0x000074240ac00000,0x000074240ad00000) (1024K)]
  0x00007424300abb70 JavaThread "jar transforms Thread 6"           [_thread_blocked, id=468, stack(0x000074240ab00000,0x000074240ac00000) (1024K)]
  0x00007424300b9e20 JavaThread "jar transforms Thread 7"           [_thread_blocked, id=472, stack(0x000074240a500000,0x000074240a600000) (1024K)]
  0x00007423d8031750 JavaThread "jar transforms Thread 8"           [_thread_blocked, id=603, stack(0x0000742409b00000,0x0000742409c00000) (1024K)]
  0x000074248c015e50 JavaThread "Daemon Thread 6"                   [_thread_blocked, id=2076, stack(0x000074240aa00000,0x000074240ab00000) (1024K)]
  0x000074248401f700 JavaThread "Handler for socket connection from /127.0.0.1:35517 to /127.0.0.1:44818"        [_thread_in_native, id=2077, stack(0x0000742409a00000,0x0000742409b00000) (1024K)]
  0x000074248400d9b0 JavaThread "Cancel handler"                    [_thread_blocked, id=2078, stack(0x0000742409200000,0x0000742409300000) (1024K)]
  0x000074248400e0c0 JavaThread "Daemon worker Thread 6"            [_thread_blocked, id=2079, stack(0x000074240f8af000,0x000074240f9af000) (1024K)]
  0x0000742478027e80 JavaThread "Asynchronous log dispatcher for DefaultDaemonConnection: socket connection from /127.0.0.1:35517 to /127.0.0.1:44818"        [_thread_blocked, id=2080, stack(0x000074240a400000,0x000074240a500000) (1024K)]
  0x000074247803d180 JavaThread "Stdin handler"                     [_thread_blocked, id=2081, stack(0x000074240a100000,0x000074240a200000) (1024K)]
  0x0000742478026530 JavaThread "Daemon client event forwarder"        [_thread_blocked, id=2082, stack(0x000074240a300000,0x000074240a400000) (1024K)]
  0x0000742478022580 JavaThread "Cache worker for file hash cache (/app/android/.gradle/8.7/fileHashes)"        [_thread_blocked, id=2085, stack(0x0000742408d00000,0x0000742408e00000) (1024K)]
  0x000074247803b1b0 JavaThread "Cache worker for checksums cache (/app/android/.gradle/8.7/checksums)"        [_thread_blocked, id=2086, stack(0x00007423c5d00000,0x00007423c5e00000) (1024K)]
  0x0000742478026e10 JavaThread "Cache worker for cache directory md-supplier (/root/.gradle/caches/8.7/md-supplier)"        [_thread_blocked, id=2087, stack(0x00007423c7700000,0x00007423c7800000) (1024K)]
  0x0000742478027520 JavaThread "Cache worker for cache directory md-rule (/root/.gradle/caches/8.7/md-rule)"        [_thread_blocked, id=2088, stack(0x0000742409900000,0x0000742409a00000) (1024K)]
  0x000074247802c400 JavaThread "Cache worker for Build Output Cleanup Cache (/opt/flutter/packages/flutter_tools/gradle/.gradle/buildOutputCleanup)"        [_thread_blocked, id=2089, stack(0x00007424c81fa000,0x00007424c82fa000) (1024K)]
  0x0000742478017d00 JavaThread "Unconstrained build operations"        [_thread_blocked, id=2090, stack(0x00007424c86fa000,0x00007424c87fa000) (1024K)]
  0x000074247802d1e0 JavaThread "Unconstrained build operations Thread 2"        [_thread_blocked, id=2091, stack(0x000074240f0af000,0x000074240f1af000) (1024K)]
  0x000074247803bcc0 JavaThread "Unconstrained build operations Thread 3"        [_thread_blocked, id=2092, stack(0x000074240f1af000,0x000074240f2af000) (1024K)]
  0x0000742478036fd0 JavaThread "Unconstrained build operations Thread 4"        [_thread_blocked, id=2093, stack(0x00007424c85fa000,0x00007424c86fa000) (1024K)]
  0x0000742478037890 JavaThread "Unconstrained build operations Thread 5"        [_thread_blocked, id=2094, stack(0x000074240a200000,0x000074240a300000) (1024K)]
  0x000074247803de30 JavaThread "Unconstrained build operations Thread 6"        [_thread_blocked, id=2095, stack(0x00007424c9b00000,0x00007424c9c00000) (1024K)]
  0x00007424780288b0 JavaThread "Unconstrained build operations Thread 7"        [_thread_blocked, id=2096, stack(0x00007424c82fa000,0x00007424c83fa000) (1024K)]
  0x0000742478016050 JavaThread "build event listener"              [_thread_blocked, id=2097, stack(0x00007424c9d00000,0x00007424c9e00000) (1024K)]
  0x000074247803f350 JavaThread "included builds"                   [_thread_blocked, id=2098, stack(0x00007424c9c00000,0x00007424c9d00000) (1024K)]
  0x00007423d4003b90 JavaThread "Execution worker"                  [_thread_blocked, id=2099, stack(0x00007424c90fb000,0x00007424c91fb000) (1024K)]
  0x00007423d406a660 JavaThread "Execution worker Thread 2"         [_thread_blocked, id=2100, stack(0x00007424c9e00000,0x00007424c9f00000) (1024K)]
  0x00007423d406ad70 JavaThread "Execution worker Thread 3"         [_thread_blocked, id=2101, stack(0x00007424c8afa000,0x00007424c8bfa000) (1024K)]
  0x00007423d4012e70 JavaThread "Execution worker Thread 4"         [_thread_blocked, id=2102, stack(0x00007423c6e00000,0x00007423c6f00000) (1024K)]
  0x00007423d4013580 JavaThread "Execution worker Thread 5"         [_thread_blocked, id=2103, stack(0x000074240af00000,0x000074240b000000) (1024K)]
  0x00007423d406ebd0 JavaThread "Execution worker Thread 6"         [_thread_blocked, id=2104, stack(0x00007423c6400000,0x00007423c6500000) (1024K)]
  0x00007423d406f2e0 JavaThread "Execution worker Thread 7"         [_thread_blocked, id=2105, stack(0x000074240a000000,0x000074240a100000) (1024K)]
  0x00007423ec006730 JavaThread "Cache worker for execution history cache (/opt/flutter/packages/flutter_tools/gradle/.gradle/8.7/executionHistory)"        [_thread_blocked, id=2106, stack(0x00007424c84fa000,0x00007424c85fa000) (1024K)]
  0x00007423ec162cc0 JavaThread "Unconstrained build operations Thread 8"        [_thread_blocked, id=2107, stack(0x000074240f6af000,0x000074240f7af000) (1024K)]
  0x00007423ec167bd0 JavaThread "Unconstrained build operations Thread 9"        [_thread_blocked, id=2108, stack(0x00007424c83fa000,0x00007424c84fa000) (1024K)]
  0x00007423ec156780 JavaThread "Unconstrained build operations Thread 10"        [_thread_blocked, id=2109, stack(0x00007424c87fa000,0x00007424c88fa000) (1024K)]
  0x00007423ec0011a0 JavaThread "Unconstrained build operations Thread 11"        [_thread_blocked, id=2110, stack(0x00007424c9f00000,0x00007424ca000000) (1024K)]
  0x00007423ec002320 JavaThread "Unconstrained build operations Thread 12"        [_thread_blocked, id=2111, stack(0x0000742409100000,0x0000742409200000) (1024K)]
  0x00007423ec047b50 JavaThread "Unconstrained build operations Thread 13"        [_thread_blocked, id=2112, stack(0x000074240f3af000,0x000074240f4af000) (1024K)]
  0x00007423ec048260 JavaThread "Unconstrained build operations Thread 14"        [_thread_blocked, id=2113, stack(0x0000742409c00000,0x0000742409d00000) (1024K)]
  0x00007423ec041f10 JavaThread "Unconstrained build operations Thread 15"        [_thread_blocked, id=2114, stack(0x00007424c8cfa000,0x00007424c8dfa000) (1024K)]
  0x00007423ec042620 JavaThread "Unconstrained build operations Thread 16"        [_thread_blocked, id=2115, stack(0x00007424c9a00000,0x00007424c9b00000) (1024K)]
  0x00007423ec042d30 JavaThread "Unconstrained build operations Thread 17"        [_thread_blocked, id=2116, stack(0x00007423c6c00000,0x00007423c6d00000) (1024K)]
  0x00007423ec003b60 JavaThread "Unconstrained build operations Thread 18"        [_thread_blocked, id=2117, stack(0x00007424ca000000,0x00007424ca100000) (1024K)]
  0x00007423ec004270 JavaThread "Unconstrained build operations Thread 19"        [_thread_blocked, id=2118, stack(0x00007424c8bfa000,0x00007424c8cfa000) (1024K)]
  0x00007423ec004980 JavaThread "Unconstrained build operations Thread 20"        [_thread_blocked, id=2119, stack(0x00007424c80fa000,0x00007424c81fa000) (1024K)]
  0x00007423ec005090 JavaThread "Unconstrained build operations Thread 21"        [_thread_blocked, id=2120, stack(0x000074240f7af000,0x000074240f8af000) (1024K)]
  0x00007423ec02a9e0 JavaThread "Unconstrained build operations Thread 22"        [_thread_blocked, id=2121, stack(0x000074240f5af000,0x000074240f6af000) (1024K)]
  0x00007423ec02b450 JavaThread "Unconstrained build operations Thread 23"        [_thread_blocked, id=2122, stack(0x000074240f4af000,0x000074240f5af000) (1024K)]
  0x00007424780407d0 JavaThread "Unconstrained build operations Thread 24"        [_thread_blocked, id=2123, stack(0x000074240f2af000,0x000074240f3af000) (1024K)]
  0x0000742478041730 JavaThread "Unconstrained build operations Thread 25"        [_thread_blocked, id=2124, stack(0x000074240ae00000,0x000074240af00000) (1024K)]
  0x0000742478042bb0 JavaThread "Unconstrained build operations Thread 26"        [_thread_blocked, id=2125, stack(0x000074240a900000,0x000074240aa00000) (1024K)]
  0x0000742478043db0 JavaThread "Unconstrained build operations Thread 27"        [_thread_blocked, id=2126, stack(0x000074240a800000,0x000074240a900000) (1024K)]
  0x0000742478045240 JavaThread "Unconstrained build operations Thread 28"        [_thread_blocked, id=2127, stack(0x000074240a700000,0x000074240a800000) (1024K)]
  0x0000742478046050 JavaThread "Unconstrained build operations Thread 29"        [_thread_blocked, id=2128, stack(0x000074240a600000,0x000074240a700000) (1024K)]
  0x00007424780474f0 JavaThread "Unconstrained build operations Thread 30"        [_thread_blocked, id=2129, stack(0x0000742409f00000,0x000074240a000000) (1024K)]
  0x000074247804b0c0 JavaThread "Cache worker for Build Output Cleanup Cache (/app/android/.gradle/buildOutputCleanup)"        [_thread_blocked, id=2130, stack(0x0000742409d00000,0x0000742409e00000) (1024K)]
  0x000074247804bdd0 JavaThread "build event listener"              [_thread_blocked, id=2131, stack(0x0000742409800000,0x0000742409900000) (1024K)]
  0x000074246c00c320 JavaThread "Cache worker for execution history cache (/app/android/.gradle/8.7/executionHistory)"        [_thread_blocked, id=2134, stack(0x0000742409700000,0x0000742409800000) (1024K)]
  0x000074246c037bd0 JavaThread "WorkerExecutor Queue"              [_thread_blocked, id=2183, stack(0x0000742409300000,0x0000742409400000) (1024K)]
  0x000074246c0388d0 JavaThread "WorkerExecutor Queue Thread 2"        [_thread_blocked, id=2184, stack(0x0000742409000000,0x0000742409100000) (1024K)]
  0x000074246c03e660 JavaThread "WorkerExecutor Queue Thread 4"        [_thread_blocked, id=2186, stack(0x0000742408e00000,0x0000742408f00000) (1024K)]
  0x000074244400e740 JavaThread "Unconstrained build operations Thread 31"        [_thread_blocked, id=2187, stack(0x0000742408c00000,0x0000742408d00000) (1024K)]
  0x000074244400c080 JavaThread "WorkerExecutor Queue Thread 5"        [_thread_blocked, id=2188, stack(0x0000742408b00000,0x0000742408c00000) (1024K)]
  0x000074244404fce0 JavaThread "WorkerExecutor Queue Thread 7"        [_thread_blocked, id=2192, stack(0x0000742408900000,0x0000742408a00000) (1024K)]
  0x0000742444052e60 JavaThread "WorkerExecutor Queue Thread 8"        [_thread_blocked, id=2368, stack(0x00007423c7500000,0x00007423c7600000) (1024K)]
  0x000074244407a9d0 JavaThread "WorkerExecutor Queue Thread 9"        [_thread_blocked, id=2369, stack(0x00007423c7d00000,0x00007423c7e00000) (1024K)]
  0x00007424440793a0 JavaThread "Unconstrained build operations Thread 32"        [_thread_blocked, id=2370, stack(0x00007423c7a00000,0x00007423c7b00000) (1024K)]
=>0x00007424440370a0 JavaThread "Unconstrained build operations Thread 33"        [_thread_in_Java, id=2371, stack(0x00007423c7c00000,0x00007423c7d00000) (1024K)]
  0x00007424440377b0 JavaThread "Unconstrained build operations Thread 34"        [_thread_blocked, id=2372, stack(0x00007423c7800000,0x00007423c7900000) (1024K)]
  0x000074244407bf80 JavaThread "Unconstrained build operations Thread 35"        [_thread_blocked, id=2373, stack(0x0000742408500000,0x0000742408600000) (1024K)]
  0x000074244407cda0 JavaThread "Unconstrained build operations Thread 36"        [_thread_blocked, id=2374, stack(0x00007423c7b00000,0x00007423c7c00000) (1024K)]
Total: 99

Other Threads:
  0x00007425401175f0 VMThread "VM Thread"                           [id=130, stack(0x00007425205f5000,0x00007425206f5000) (1024K)]
  0x00007425401057f0 WatcherThread "VM Periodic Task Thread"        [id=129, stack(0x00007425206f6000,0x00007425207f6000) (1024K)]
  0x0000742540085460 WorkerThread "GC Thread#0"                     [id=124, stack(0x0000742523500000,0x0000742523600000) (1024K)]
  0x00007424b8007a30 WorkerThread "GC Thread#1"                     [id=140, stack(0x00007424cab00000,0x00007424cac00000) (1024K)]
  0x00007424b80084f0 WorkerThread "GC Thread#2"                     [id=141, stack(0x00007424ca700000,0x00007424ca800000) (1024K)]
  0x00007424b800a040 WorkerThread "GC Thread#3"                     [id=157, stack(0x00007424c9600000,0x00007424c9700000) (1024K)]
  0x00007424b800aa40 WorkerThread "GC Thread#4"                     [id=158, stack(0x00007424c94ff000,0x00007424c95ff000) (1024K)]
  0x00007424b800b540 WorkerThread "GC Thread#5"                     [id=159, stack(0x00007424c93fe000,0x00007424c94fe000) (1024K)]
  0x00007424b800c530 WorkerThread "GC Thread#6"                     [id=160, stack(0x00007424c92fd000,0x00007424c93fd000) (1024K)]
  0x00007424b800d420 WorkerThread "GC Thread#7"                     [id=161, stack(0x00007424c91fc000,0x00007424c92fc000) (1024K)]
  0x0000742540096a90 ConcurrentGCThread "G1 Main Marker"            [id=125, stack(0x00007425233ff000,0x00007425234ff000) (1024K)]
  0x0000742540097a40 WorkerThread "G1 Conc#0"                       [id=126, stack(0x00007425232fe000,0x00007425233fe000) (1024K)]
  0x0000742514000d80 WorkerThread "G1 Conc#1"                       [id=163, stack(0x00007424c8ffb000,0x00007424c90fb000) (1024K)]
  0x00007425400f2e80 ConcurrentGCThread "G1 Refine#0"               [id=127, stack(0x00007425208f8000,0x00007425209f8000) (1024K)]
  0x00007425400f3e50 ConcurrentGCThread "G1 Service"                [id=128, stack(0x00007425207f7000,0x00007425208f7000) (1024K)]
Total: 15

Threads with active compile tasks:
Total: 0

VM state: not at safepoint (normal execution)

VM Mutex/Monitor currently owned by a thread: None

Heap address: 0x0000000700000000, size: 4096 MB, Compressed Oops mode: Zero based, Oop shift amount: 3

CDS archive(s) mapped at: [0x00007424cb000000-0x00007424cbc9c000-0x00007424cbc9c000), size 13221888, SharedBaseAddress: 0x00007424cb000000, ArchiveRelocationMode: 1.
Compressed class space mapped at: 0x00007424cc000000-0x000074250c000000, reserved size: 1073741824
Narrow klass base: 0x00007424cb000000, Narrow klass shift: 0, Narrow klass range: 0x100000000

GC Precious Log:
 CardTable entry size: 512
 Card Set container configuration: InlinePtr #cards 4 size 8 Array Of Cards #cards 16 size 48 Howl #buckets 8 coarsen threshold 3686 Howl Bitmap #cards 512 size 80 coarsen threshold 460 Card regions per heap region 1 cards per card region 4096
 CPUs: 8 total, 8 available
 Memory: 7888M
 Large Page Support: Disabled
 NUMA Support: Disabled
 Compressed Oops: Enabled (Zero based)
 Heap Region Size: 2M
 Heap Min Capacity: 8M
 Heap Initial Capacity: 124M
 Heap Max Capacity: 4G
 Pre-touch: Disabled
 Parallel Workers: 8
 Concurrent Workers: 2
 Concurrent Refinement Workers: 8
 Periodic GC: Disabled

Heap:
 garbage-first heap   total 2404352K, used 2393595K [0x0000000700000000, 0x0000000800000000)
  region size 2048K, 10 young (20480K), 3 survivors (6144K)
 Metaspace       used 215257K, committed 217536K, reserved 1245184K
  class space    used 26795K, committed 28288K, reserved 1048576K

Heap Regions: E=young(eden), S=young(survivor), O=old, HS=humongous(starts), HC=humongous(continues), CS=collection set, F=free, TAMS=top-at-mark-start, PB=parsable bottom
|   0|0x0000000700000000, 0x0000000700200000, 0x0000000700200000|100%|HS|  |TAMS 0x0000000700000000| PB 0x0000000700000000| Complete 
|   1|0x0000000700200000, 0x0000000700400000, 0x0000000700400000|100%|HC|  |TAMS 0x0000000700200000| PB 0x0000000700200000| Complete 
|   2|0x0000000700400000, 0x00000007005fffd8, 0x0000000700600000| 99%| O|  |TAMS 0x0000000700400000| PB 0x0000000700400000| Untracked 
|   3|0x0000000700600000, 0x00000007007fffe0, 0x0000000700800000| 99%| O|  |TAMS 0x0000000700600000| PB 0x0000000700600000| Untracked 
|   4|0x0000000700800000, 0x00000007009fffe8, 0x0000000700a00000| 99%| O|  |TAMS 0x0000000700800000| PB 0x0000000700800000| Untracked 
|   5|0x0000000700a00000, 0x0000000700c00000, 0x0000000700c00000|100%| O|  |TAMS 0x0000000700a00000| PB 0x0000000700a00000| Untracked 
|   6|0x0000000700c00000, 0x0000000700dffff8, 0x0000000700e00000| 99%| O|  |TAMS 0x0000000700c00000| PB 0x0000000700c00000| Untracked 
|   7|0x0000000700e00000, 0x0000000701000000, 0x0000000701000000|100%| O|  |TAMS 0x0000000700e00000| PB 0x0000000700e00000| Untracked 
|   8|0x0000000701000000, 0x00000007011fffe8, 0x0000000701200000| 99%| O|  |TAMS 0x0000000701000000| PB 0x0000000701000000| Untracked 
|   9|0x0000000701200000, 0x00000007013ffff8, 0x0000000701400000| 99%| O|  |TAMS 0x0000000701200000| PB 0x0000000701200000| Untracked 
|  10|0x0000000701400000, 0x0000000701600000, 0x0000000701600000|100%| O|  |TAMS 0x0000000701400000| PB 0x0000000701400000| Untracked 
|  11|0x0000000701600000, 0x00000007017ffff8, 0x0000000701800000| 99%| O|  |TAMS 0x0000000701600000| PB 0x0000000701600000| Untracked 
|  12|0x0000000701800000, 0x0000000701a00000, 0x0000000701a00000|100%| O|  |TAMS 0x0000000701800000| PB 0x0000000701800000| Untracked 
|  13|0x0000000701a00000, 0x0000000701bffff8, 0x0000000701c00000| 99%| O|  |TAMS 0x0000000701a00000| PB 0x0000000701a00000| Untracked 
|  14|0x0000000701c00000, 0x0000000701dffff8, 0x0000000701e00000| 99%| O|  |TAMS 0x0000000701c00000| PB 0x0000000701c00000| Untracked 
|  15|0x0000000701e00000, 0x0000000701fffff0, 0x0000000702000000| 99%| O|  |TAMS 0x0000000701e00000| PB 0x0000000701e00000| Untracked 
|  16|0x0000000702000000, 0x00000007021ffff0, 0x0000000702200000| 99%| O|  |TAMS 0x0000000702000000| PB 0x0000000702000000| Untracked 
|  17|0x0000000702200000, 0x00000007023fffe8, 0x0000000702400000| 99%| O|  |TAMS 0x0000000702200000| PB 0x0000000702200000| Untracked 
|  18|0x0000000702400000, 0x0000000702600000, 0x0000000702600000|100%|HS|  |TAMS 0x0000000702400000| PB 0x0000000702400000| Complete 
|  19|0x0000000702600000, 0x00000007027fb478, 0x0000000702800000| 99%| O|  |TAMS 0x0000000702600000| PB 0x0000000702600000| Untracked 
|  20|0x0000000702800000, 0x0000000702a00000, 0x0000000702a00000|100%| O|  |TAMS 0x0000000702800000| PB 0x0000000702800000| Untracked 
|  21|0x0000000702a00000, 0x0000000702bfffe0, 0x0000000702c00000| 99%| O|  |TAMS 0x0000000702a00000| PB 0x0000000702a00000| Untracked 
|  22|0x0000000702c00000, 0x0000000702dffff0, 0x0000000702e00000| 99%| O|  |TAMS 0x0000000702c00000| PB 0x0000000702c00000| Untracked 
|  23|0x0000000702e00000, 0x0000000703000000, 0x0000000703000000|100%| O|  |TAMS 0x0000000702e00000| PB 0x0000000702e00000| Untracked 
|  24|0x0000000703000000, 0x0000000703200000, 0x0000000703200000|100%| O|  |TAMS 0x0000000703000000| PB 0x0000000703000000| Untracked 
|  25|0x0000000703200000, 0x0000000703400000, 0x0000000703400000|100%|HS|  |TAMS 0x0000000703200000| PB 0x0000000703200000| Complete 
|  26|0x0000000703400000, 0x0000000703600000, 0x0000000703600000|100%|HC|  |TAMS 0x0000000703400000| PB 0x0000000703400000| Complete 
|  27|0x0000000703600000, 0x00000007037fffd8, 0x0000000703800000| 99%| O|  |TAMS 0x0000000703600000| PB 0x0000000703600000| Untracked 
|  28|0x0000000703800000, 0x00000007039fffe8, 0x0000000703a00000| 99%| O|Cm|TAMS 0x0000000703800000| PB 0x0000000703800000| Complete 
|  29|0x0000000703a00000, 0x0000000703bfffe8, 0x0000000703c00000| 99%| O|  |TAMS 0x0000000703a00000| PB 0x0000000703a00000| Untracked 
|  30|0x0000000703c00000, 0x0000000703dfffe8, 0x0000000703e00000| 99%| O|  |TAMS 0x0000000703c00000| PB 0x0000000703c00000| Untracked 
|  31|0x0000000703e00000, 0x0000000703fffff8, 0x0000000704000000| 99%| O|  |TAMS 0x0000000703e00000| PB 0x0000000703e00000| Untracked 
|  32|0x0000000704000000, 0x00000007041fffe0, 0x0000000704200000| 99%| O|  |TAMS 0x0000000704000000| PB 0x0000000704000000| Untracked 
|  33|0x0000000704200000, 0x00000007043fffe8, 0x0000000704400000| 99%| O|  |TAMS 0x0000000704200000| PB 0x0000000704200000| Untracked 
|  34|0x0000000704400000, 0x0000000704600000, 0x0000000704600000|100%|HS|  |TAMS 0x0000000704400000| PB 0x0000000704400000| Complete 
|  35|0x0000000704600000, 0x00000007047ffff8, 0x0000000704800000| 99%| O|  |TAMS 0x0000000704600000| PB 0x0000000704600000| Untracked 
|  36|0x0000000704800000, 0x00000007049c7588, 0x0000000704a00000| 88%| O|  |TAMS 0x0000000704800000| PB 0x0000000704800000| Untracked 
|  37|0x0000000704a00000, 0x0000000704bffff8, 0x0000000704c00000| 99%| O|  |TAMS 0x0000000704a00000| PB 0x0000000704a00000| Untracked 
|  38|0x0000000704c00000, 0x0000000704dfff60, 0x0000000704e00000| 99%| O|  |TAMS 0x0000000704c00000| PB 0x0000000704c00000| Untracked 
|  39|0x0000000704e00000, 0x0000000704ffffd8, 0x0000000705000000| 99%| O|  |TAMS 0x0000000704e00000| PB 0x0000000704e00000| Untracked 
|  40|0x0000000705000000, 0x00000007051ffff8, 0x0000000705200000| 99%| O|  |TAMS 0x0000000705000000| PB 0x0000000705000000| Untracked 
|  41|0x0000000705200000, 0x0000000705400000, 0x0000000705400000|100%| O|  |TAMS 0x0000000705200000| PB 0x0000000705200000| Untracked 
|  42|0x0000000705400000, 0x0000000705600000, 0x0000000705600000|100%| O|  |TAMS 0x0000000705400000| PB 0x0000000705400000| Untracked 
|  43|0x0000000705600000, 0x00000007057fffe0, 0x0000000705800000| 99%| O|  |TAMS 0x0000000705600000| PB 0x0000000705600000| Untracked 
|  44|0x0000000705800000, 0x00000007059fffc8, 0x0000000705a00000| 99%| O|  |TAMS 0x0000000705800000| PB 0x0000000705800000| Untracked 
|  45|0x0000000705a00000, 0x0000000705b667b8, 0x0000000705c00000| 70%| O|  |TAMS 0x0000000705a00000| PB 0x0000000705a00000| Untracked 
|  46|0x0000000705c00000, 0x0000000705dffff0, 0x0000000705e00000| 99%| O|  |TAMS 0x0000000705c00000| PB 0x0000000705c00000| Untracked 
|  47|0x0000000705e00000, 0x0000000706000000, 0x0000000706000000|100%| O|  |TAMS 0x0000000705e00000| PB 0x0000000705e00000| Untracked 
|  48|0x0000000706000000, 0x00000007061f1ca0, 0x0000000706200000| 97%| O|  |TAMS 0x0000000706000000| PB 0x0000000706000000| Untracked 
|  49|0x0000000706200000, 0x00000007063fe7d0, 0x0000000706400000| 99%| O|  |TAMS 0x0000000706200000| PB 0x0000000706200000| Untracked 
|  50|0x0000000706400000, 0x0000000706600000, 0x0000000706600000|100%| O|  |TAMS 0x0000000706400000| PB 0x0000000706400000| Untracked 
|  51|0x0000000706600000, 0x00000007067ffff0, 0x0000000706800000| 99%| O|  |TAMS 0x0000000706600000| PB 0x0000000706600000| Untracked 
|  52|0x0000000706800000, 0x00000007069d4218, 0x0000000706a00000| 91%| O|  |TAMS 0x0000000706800000| PB 0x0000000706800000| Untracked 
|  53|0x0000000706a00000, 0x0000000706c00000, 0x0000000706c00000|100%| O|  |TAMS 0x0000000706a00000| PB 0x0000000706a00000| Untracked 
|  54|0x0000000706c00000, 0x0000000706e00000, 0x0000000706e00000|100%| O|  |TAMS 0x0000000706c00000| PB 0x0000000706c00000| Untracked 
|  55|0x0000000706e00000, 0x0000000707000000, 0x0000000707000000|100%| O|  |TAMS 0x0000000706e00000| PB 0x0000000706e00000| Untracked 
|  56|0x0000000707000000, 0x0000000707200000, 0x0000000707200000|100%| O|  |TAMS 0x0000000707000000| PB 0x0000000707000000| Untracked 
|  57|0x0000000707200000, 0x0000000707400000, 0x0000000707400000|100%| O|  |TAMS 0x0000000707200000| PB 0x0000000707200000| Untracked 
|  58|0x0000000707400000, 0x00000007075fffb8, 0x0000000707600000| 99%| O|  |TAMS 0x0000000707400000| PB 0x0000000707400000| Untracked 
|  59|0x0000000707600000, 0x000000070777db80, 0x0000000707800000| 74%| O|  |TAMS 0x0000000707600000| PB 0x0000000707600000| Untracked 
|  60|0x0000000707800000, 0x00000007079fffd8, 0x0000000707a00000| 99%| O|  |TAMS 0x0000000707800000| PB 0x0000000707800000| Untracked 
|  61|0x0000000707a00000, 0x0000000707c00000, 0x0000000707c00000|100%| O|  |TAMS 0x0000000707a00000| PB 0x0000000707a00000| Untracked 
|  62|0x0000000707c00000, 0x0000000707d66208, 0x0000000707e00000| 69%| O|  |TAMS 0x0000000707c00000| PB 0x0000000707c00000| Untracked 
|  63|0x0000000707e00000, 0x0000000708000000, 0x0000000708000000|100%| O|  |TAMS 0x0000000707e00000| PB 0x0000000707e00000| Untracked 
|  64|0x0000000708000000, 0x0000000708200000, 0x0000000708200000|100%| O|  |TAMS 0x0000000708000000| PB 0x0000000708000000| Untracked 
|  65|0x0000000708200000, 0x0000000708400000, 0x0000000708400000|100%| O|  |TAMS 0x0000000708200000| PB 0x0000000708200000| Untracked 
|  66|0x0000000708400000, 0x0000000708600000, 0x0000000708600000|100%| O|  |TAMS 0x0000000708400000| PB 0x0000000708400000| Untracked 
|  67|0x0000000708600000, 0x0000000708800000, 0x0000000708800000|100%| O|  |TAMS 0x0000000708600000| PB 0x0000000708600000| Untracked 
|  68|0x0000000708800000, 0x0000000708a00000, 0x0000000708a00000|100%| O|  |TAMS 0x0000000708800000| PB 0x0000000708800000| Untracked 
|  69|0x0000000708a00000, 0x0000000708c00000, 0x0000000708c00000|100%| O|  |TAMS 0x0000000708a00000| PB 0x0000000708a00000| Untracked 
|  70|0x0000000708c00000, 0x0000000708e00000, 0x0000000708e00000|100%| O|  |TAMS 0x0000000708c00000| PB 0x0000000708c00000| Untracked 
|  71|0x0000000708e00000, 0x0000000709000000, 0x0000000709000000|100%| O|  |TAMS 0x0000000708e00000| PB 0x0000000708e00000| Untracked 
|  72|0x0000000709000000, 0x0000000709200000, 0x0000000709200000|100%| O|  |TAMS 0x0000000709000000| PB 0x0000000709000000| Untracked 
|  73|0x0000000709200000, 0x0000000709400000, 0x0000000709400000|100%|HS|  |TAMS 0x0000000709200000| PB 0x0000000709200000| Complete 
|  74|0x0000000709400000, 0x0000000709600000, 0x0000000709600000|100%| O|  |TAMS 0x0000000709400000| PB 0x0000000709400000| Untracked 
|  75|0x0000000709600000, 0x00000007096b7dd8, 0x0000000709800000| 35%| O|  |TAMS 0x0000000709600000| PB 0x0000000709600000| Untracked 
|  76|0x0000000709800000, 0x0000000709a00000, 0x0000000709a00000|100%| O|  |TAMS 0x0000000709800000| PB 0x0000000709800000| Untracked 
|  77|0x0000000709a00000, 0x0000000709c00000, 0x0000000709c00000|100%| O|  |TAMS 0x0000000709a00000| PB 0x0000000709a00000| Untracked 
|  78|0x0000000709c00000, 0x0000000709e00000, 0x0000000709e00000|100%| O|  |TAMS 0x0000000709c00000| PB 0x0000000709c00000| Untracked 
|  79|0x0000000709e00000, 0x000000070a000000, 0x000000070a000000|100%|HS|  |TAMS 0x0000000709e00000| PB 0x0000000709e00000| Complete 
|  80|0x000000070a000000, 0x000000070a200000, 0x000000070a200000|100%|HC|  |TAMS 0x000000070a000000| PB 0x000000070a000000| Complete 
|  81|0x000000070a200000, 0x000000070a400000, 0x000000070a400000|100%| O|  |TAMS 0x000000070a200000| PB 0x000000070a200000| Untracked 
|  82|0x000000070a400000, 0x000000070a600000, 0x000000070a600000|100%|HS|  |TAMS 0x000000070a400000| PB 0x000000070a400000| Complete 
|  83|0x000000070a600000, 0x000000070a800000, 0x000000070a800000|100%|HC|  |TAMS 0x000000070a600000| PB 0x000000070a600000| Complete 
|  84|0x000000070a800000, 0x000000070aa00000, 0x000000070aa00000|100%|HC|  |TAMS 0x000000070a800000| PB 0x000000070a800000| Complete 
|  85|0x000000070aa00000, 0x000000070ac00000, 0x000000070ac00000|100%|HC|  |TAMS 0x000000070aa00000| PB 0x000000070aa00000| Complete 
|  86|0x000000070ac00000, 0x000000070ae00000, 0x000000070ae00000|100%|HC|  |TAMS 0x000000070ac00000| PB 0x000000070ac00000| Complete 
|  87|0x000000070ae00000, 0x000000070b000000, 0x000000070b000000|100%|HC|  |TAMS 0x000000070ae00000| PB 0x000000070ae00000| Complete 
|  88|0x000000070b000000, 0x000000070b200000, 0x000000070b200000|100%|HC|  |TAMS 0x000000070b000000| PB 0x000000070b000000| Complete 
|  89|0x000000070b200000, 0x000000070b400000, 0x000000070b400000|100%|HC|  |TAMS 0x000000070b200000| PB 0x000000070b200000| Complete 
|  90|0x000000070b400000, 0x000000070b600000, 0x000000070b600000|100%|HC|  |TAMS 0x000000070b400000| PB 0x000000070b400000| Complete 
|  91|0x000000070b600000, 0x000000070b800000, 0x000000070b800000|100%|HC|  |TAMS 0x000000070b600000| PB 0x000000070b600000| Complete 
|  92|0x000000070b800000, 0x000000070ba00000, 0x000000070ba00000|100%|HC|  |TAMS 0x000000070b800000| PB 0x000000070b800000| Complete 
|  93|0x000000070ba00000, 0x000000070bc00000, 0x000000070bc00000|100%|HC|  |TAMS 0x000000070ba00000| PB 0x000000070ba00000| Complete 
|  94|0x000000070bc00000, 0x000000070be00000, 0x000000070be00000|100%|HC|  |TAMS 0x000000070bc00000| PB 0x000000070bc00000| Complete 
|  95|0x000000070be00000, 0x000000070c000000, 0x000000070c000000|100%|HC|  |TAMS 0x000000070be00000| PB 0x000000070be00000| Complete 
|  96|0x000000070c000000, 0x000000070c200000, 0x000000070c200000|100%|HC|  |TAMS 0x000000070c000000| PB 0x000000070c000000| Complete 
|  97|0x000000070c200000, 0x000000070c400000, 0x000000070c400000|100%|HC|  |TAMS 0x000000070c200000| PB 0x000000070c200000| Complete 
|  98|0x000000070c400000, 0x000000070c600000, 0x000000070c600000|100%|HC|  |TAMS 0x000000070c400000| PB 0x000000070c400000| Complete 
|  99|0x000000070c600000, 0x000000070c800000, 0x000000070c800000|100%|HC|  |TAMS 0x000000070c600000| PB 0x000000070c600000| Complete 
| 100|0x000000070c800000, 0x000000070ca00000, 0x000000070ca00000|100%|HC|  |TAMS 0x000000070c800000| PB 0x000000070c800000| Complete 
| 101|0x000000070ca00000, 0x000000070cc00000, 0x000000070cc00000|100%|HC|  |TAMS 0x000000070ca00000| PB 0x000000070ca00000| Complete 
| 102|0x000000070cc00000, 0x000000070ce00000, 0x000000070ce00000|100%|HC|  |TAMS 0x000000070cc00000| PB 0x000000070cc00000| Complete 
| 103|0x000000070ce00000, 0x000000070d000000, 0x000000070d000000|100%|HS|  |TAMS 0x000000070ce00000| PB 0x000000070ce00000| Complete 
| 104|0x000000070d000000, 0x000000070d200000, 0x000000070d200000|100%|HC|  |TAMS 0x000000070d000000| PB 0x000000070d000000| Complete 
| 105|0x000000070d200000, 0x000000070d400000, 0x000000070d400000|100%|HC|  |TAMS 0x000000070d200000| PB 0x000000070d200000| Complete 
| 106|0x000000070d400000, 0x000000070d600000, 0x000000070d600000|100%|HC|  |TAMS 0x000000070d400000| PB 0x000000070d400000| Complete 
| 107|0x000000070d600000, 0x000000070d800000, 0x000000070d800000|100%|HC|  |TAMS 0x000000070d600000| PB 0x000000070d600000| Complete 
| 108|0x000000070d800000, 0x000000070da00000, 0x000000070da00000|100%|HC|  |TAMS 0x000000070d800000| PB 0x000000070d800000| Complete 
| 109|0x000000070da00000, 0x000000070dc00000, 0x000000070dc00000|100%|HC|  |TAMS 0x000000070da00000| PB 0x000000070da00000| Complete 
| 110|0x000000070dc00000, 0x000000070de00000, 0x000000070de00000|100%|HC|  |TAMS 0x000000070dc00000| PB 0x000000070dc00000| Complete 
| 111|0x000000070de00000, 0x000000070e000000, 0x000000070e000000|100%|HC|  |TAMS 0x000000070de00000| PB 0x000000070de00000| Complete 
| 112|0x000000070e000000, 0x000000070e200000, 0x000000070e200000|100%|HC|  |TAMS 0x000000070e000000| PB 0x000000070e000000| Complete 
| 113|0x000000070e200000, 0x000000070e400000, 0x000000070e400000|100%|HC|  |TAMS 0x000000070e200000| PB 0x000000070e200000| Complete 
| 114|0x000000070e400000, 0x000000070e600000, 0x000000070e600000|100%|HC|  |TAMS 0x000000070e400000| PB 0x000000070e400000| Complete 
| 115|0x000000070e600000, 0x000000070e800000, 0x000000070e800000|100%|HC|  |TAMS 0x000000070e600000| PB 0x000000070e600000| Complete 
| 116|0x000000070e800000, 0x000000070ea00000, 0x000000070ea00000|100%|HC|  |TAMS 0x000000070e800000| PB 0x000000070e800000| Complete 
| 117|0x000000070ea00000, 0x000000070ec00000, 0x000000070ec00000|100%|HC|  |TAMS 0x000000070ea00000| PB 0x000000070ea00000| Complete 
| 118|0x000000070ec00000, 0x000000070ee00000, 0x000000070ee00000|100%|HC|  |TAMS 0x000000070ec00000| PB 0x000000070ec00000| Complete 
| 119|0x000000070ee00000, 0x000000070f000000, 0x000000070f000000|100%|HC|  |TAMS 0x000000070ee00000| PB 0x000000070ee00000| Complete 
| 120|0x000000070f000000, 0x000000070f200000, 0x000000070f200000|100%|HC|  |TAMS 0x000000070f000000| PB 0x000000070f000000| Complete 
| 121|0x000000070f200000, 0x000000070f400000, 0x000000070f400000|100%|HC|  |TAMS 0x000000070f200000| PB 0x000000070f200000| Complete 
| 122|0x000000070f400000, 0x000000070f600000, 0x000000070f600000|100%|HC|  |TAMS 0x000000070f400000| PB 0x000000070f400000| Complete 
| 123|0x000000070f600000, 0x000000070f800000, 0x000000070f800000|100%|HS|  |TAMS 0x000000070f600000| PB 0x000000070f600000| Complete 
| 124|0x000000070f800000, 0x000000070fa00000, 0x000000070fa00000|100%|HC|  |TAMS 0x000000070f800000| PB 0x000000070f800000| Complete 
| 125|0x000000070fa00000, 0x000000070fc00000, 0x000000070fc00000|100%|HC|  |TAMS 0x000000070fa00000| PB 0x000000070fa00000| Complete 
| 126|0x000000070fc00000, 0x000000070fe00000, 0x000000070fe00000|100%|HS|  |TAMS 0x000000070fc00000| PB 0x000000070fc00000| Complete 
| 127|0x000000070fe00000, 0x0000000710000000, 0x0000000710000000|100%|HC|  |TAMS 0x000000070fe00000| PB 0x000000070fe00000| Complete 
| 128|0x0000000710000000, 0x0000000710200000, 0x0000000710200000|100%|HC|  |TAMS 0x0000000710000000| PB 0x0000000710000000| Complete 
| 129|0x0000000710200000, 0x0000000710400000, 0x0000000710400000|100%|HC|  |TAMS 0x0000000710200000| PB 0x0000000710200000| Complete 
| 130|0x0000000710400000, 0x0000000710600000, 0x0000000710600000|100%|HC|  |TAMS 0x0000000710400000| PB 0x0000000710400000| Complete 
| 131|0x0000000710600000, 0x0000000710800000, 0x0000000710800000|100%|HS|  |TAMS 0x0000000710600000| PB 0x0000000710600000| Complete 
| 132|0x0000000710800000, 0x0000000710a00000, 0x0000000710a00000|100%|HS|  |TAMS 0x0000000710800000| PB 0x0000000710800000| Complete 
| 133|0x0000000710a00000, 0x0000000710c00000, 0x0000000710c00000|100%|HC|  |TAMS 0x0000000710a00000| PB 0x0000000710a00000| Complete 
| 134|0x0000000710c00000, 0x0000000710e00000, 0x0000000710e00000|100%| O|  |TAMS 0x0000000710c00000| PB 0x0000000710c00000| Untracked 
| 135|0x0000000710e00000, 0x0000000711000000, 0x0000000711000000|100%|HS|  |TAMS 0x0000000710e00000| PB 0x0000000710e00000| Complete 
| 136|0x0000000711000000, 0x0000000711200000, 0x0000000711200000|100%|HC|  |TAMS 0x0000000711000000| PB 0x0000000711000000| Complete 
| 137|0x0000000711200000, 0x0000000711400000, 0x0000000711400000|100%|HC|  |TAMS 0x0000000711200000| PB 0x0000000711200000| Complete 
| 138|0x0000000711400000, 0x0000000711600000, 0x0000000711600000|100%|HC|  |TAMS 0x0000000711400000| PB 0x0000000711400000| Complete 
| 139|0x0000000711600000, 0x0000000711800000, 0x0000000711800000|100%|HC|  |TAMS 0x0000000711600000| PB 0x0000000711600000| Complete 
| 140|0x0000000711800000, 0x0000000711a00000, 0x0000000711a00000|100%|HC|  |TAMS 0x0000000711800000| PB 0x0000000711800000| Complete 
| 141|0x0000000711a00000, 0x0000000711c00000, 0x0000000711c00000|100%|HC|  |TAMS 0x0000000711a00000| PB 0x0000000711a00000| Complete 
| 142|0x0000000711c00000, 0x0000000711e00000, 0x0000000711e00000|100%|HC|  |TAMS 0x0000000711c00000| PB 0x0000000711c00000| Complete 
| 143|0x0000000711e00000, 0x0000000712000000, 0x0000000712000000|100%|HC|  |TAMS 0x0000000711e00000| PB 0x0000000711e00000| Complete 
| 144|0x0000000712000000, 0x0000000712200000, 0x0000000712200000|100%|HS|  |TAMS 0x0000000712000000| PB 0x0000000712000000| Complete 
| 145|0x0000000712200000, 0x0000000712400000, 0x0000000712400000|100%|HC|  |TAMS 0x0000000712200000| PB 0x0000000712200000| Complete 
| 146|0x0000000712400000, 0x0000000712600000, 0x0000000712600000|100%|HC|  |TAMS 0x0000000712400000| PB 0x0000000712400000| Complete 
| 147|0x0000000712600000, 0x0000000712800000, 0x0000000712800000|100%|HC|  |TAMS 0x0000000712600000| PB 0x0000000712600000| Complete 
| 148|0x0000000712800000, 0x0000000712a00000, 0x0000000712a00000|100%|HC|  |TAMS 0x0000000712800000| PB 0x0000000712800000| Complete 
| 149|0x0000000712a00000, 0x0000000712c00000, 0x0000000712c00000|100%|HC|  |TAMS 0x0000000712a00000| PB 0x0000000712a00000| Complete 
| 150|0x0000000712c00000, 0x0000000712e00000, 0x0000000712e00000|100%|HC|  |TAMS 0x0000000712c00000| PB 0x0000000712c00000| Complete 
| 151|0x0000000712e00000, 0x0000000713000000, 0x0000000713000000|100%|HC|  |TAMS 0x0000000712e00000| PB 0x0000000712e00000| Complete 
| 152|0x0000000713000000, 0x0000000713200000, 0x0000000713200000|100%|HC|  |TAMS 0x0000000713000000| PB 0x0000000713000000| Complete 
| 153|0x0000000713200000, 0x0000000713400000, 0x0000000713400000|100%|HC|  |TAMS 0x0000000713200000| PB 0x0000000713200000| Complete 
| 154|0x0000000713400000, 0x0000000713600000, 0x0000000713600000|100%|HC|  |TAMS 0x0000000713400000| PB 0x0000000713400000| Complete 
| 155|0x0000000713600000, 0x0000000713800000, 0x0000000713800000|100%|HC|  |TAMS 0x0000000713600000| PB 0x0000000713600000| Complete 
| 156|0x0000000713800000, 0x0000000713a00000, 0x0000000713a00000|100%|HC|  |TAMS 0x0000000713800000| PB 0x0000000713800000| Complete 
| 157|0x0000000713a00000, 0x0000000713c00000, 0x0000000713c00000|100%|HC|  |TAMS 0x0000000713a00000| PB 0x0000000713a00000| Complete 
| 158|0x0000000713c00000, 0x0000000713e00000, 0x0000000713e00000|100%|HC|  |TAMS 0x0000000713c00000| PB 0x0000000713c00000| Complete 
| 159|0x0000000713e00000, 0x0000000714000000, 0x0000000714000000|100%|HC|  |TAMS 0x0000000713e00000| PB 0x0000000713e00000| Complete 
| 160|0x0000000714000000, 0x0000000714200000, 0x0000000714200000|100%|HC|  |TAMS 0x0000000714000000| PB 0x0000000714000000| Complete 
| 161|0x0000000714200000, 0x0000000714400000, 0x0000000714400000|100%|HS|  |TAMS 0x0000000714200000| PB 0x0000000714200000| Complete 
| 162|0x0000000714400000, 0x0000000714600000, 0x0000000714600000|100%|HC|  |TAMS 0x0000000714400000| PB 0x0000000714400000| Complete 
| 163|0x0000000714600000, 0x0000000714800000, 0x0000000714800000|100%|HC|  |TAMS 0x0000000714600000| PB 0x0000000714600000| Complete 
| 164|0x0000000714800000, 0x0000000714a00000, 0x0000000714a00000|100%|HC|  |TAMS 0x0000000714800000| PB 0x0000000714800000| Complete 
| 165|0x0000000714a00000, 0x0000000714c00000, 0x0000000714c00000|100%|HC|  |TAMS 0x0000000714a00000| PB 0x0000000714a00000| Complete 
| 166|0x0000000714c00000, 0x0000000714e00000, 0x0000000714e00000|100%|HC|  |TAMS 0x0000000714c00000| PB 0x0000000714c00000| Complete 
| 167|0x0000000714e00000, 0x0000000715000000, 0x0000000715000000|100%|HC|  |TAMS 0x0000000714e00000| PB 0x0000000714e00000| Complete 
| 168|0x0000000715000000, 0x0000000715200000, 0x0000000715200000|100%|HC|  |TAMS 0x0000000715000000| PB 0x0000000715000000| Complete 
| 169|0x0000000715200000, 0x0000000715400000, 0x0000000715400000|100%|HC|  |TAMS 0x0000000715200000| PB 0x0000000715200000| Complete 
| 170|0x0000000715400000, 0x0000000715600000, 0x0000000715600000|100%|HC|  |TAMS 0x0000000715400000| PB 0x0000000715400000| Complete 
| 171|0x0000000715600000, 0x0000000715800000, 0x0000000715800000|100%|HC|  |TAMS 0x0000000715600000| PB 0x0000000715600000| Complete 
| 172|0x0000000715800000, 0x0000000715a00000, 0x0000000715a00000|100%|HC|  |TAMS 0x0000000715800000| PB 0x0000000715800000| Complete 
| 173|0x0000000715a00000, 0x0000000715c00000, 0x0000000715c00000|100%|HC|  |TAMS 0x0000000715a00000| PB 0x0000000715a00000| Complete 
| 174|0x0000000715c00000, 0x0000000715e00000, 0x0000000715e00000|100%|HC|  |TAMS 0x0000000715c00000| PB 0x0000000715c00000| Complete 
| 175|0x0000000715e00000, 0x0000000716000000, 0x0000000716000000|100%|HC|  |TAMS 0x0000000715e00000| PB 0x0000000715e00000| Complete 
| 176|0x0000000716000000, 0x0000000716200000, 0x0000000716200000|100%|HC|  |TAMS 0x0000000716000000| PB 0x0000000716000000| Complete 
| 177|0x0000000716200000, 0x0000000716400000, 0x0000000716400000|100%|HC|  |TAMS 0x0000000716200000| PB 0x0000000716200000| Complete 
| 178|0x0000000716400000, 0x0000000716600000, 0x0000000716600000|100%|HC|  |TAMS 0x0000000716400000| PB 0x0000000716400000| Complete 
| 179|0x0000000716600000, 0x0000000716800000, 0x0000000716800000|100%|HC|  |TAMS 0x0000000716600000| PB 0x0000000716600000| Complete 
| 180|0x0000000716800000, 0x0000000716a00000, 0x0000000716a00000|100%|HC|  |TAMS 0x0000000716800000| PB 0x0000000716800000| Complete 
| 181|0x0000000716a00000, 0x0000000716c00000, 0x0000000716c00000|100%|HC|  |TAMS 0x0000000716a00000| PB 0x0000000716a00000| Complete 
| 182|0x0000000716c00000, 0x0000000716e00000, 0x0000000716e00000|100%|HC|  |TAMS 0x0000000716c00000| PB 0x0000000716c00000| Complete 
| 183|0x0000000716e00000, 0x0000000717000000, 0x0000000717000000|100%|HC|  |TAMS 0x0000000716e00000| PB 0x0000000716e00000| Complete 
| 184|0x0000000717000000, 0x0000000717200000, 0x0000000717200000|100%|HC|  |TAMS 0x0000000717000000| PB 0x0000000717000000| Complete 
| 185|0x0000000717200000, 0x0000000717400000, 0x0000000717400000|100%|HC|  |TAMS 0x0000000717200000| PB 0x0000000717200000| Complete 
| 186|0x0000000717400000, 0x0000000717600000, 0x0000000717600000|100%|HC|  |TAMS 0x0000000717400000| PB 0x0000000717400000| Complete 
| 187|0x0000000717600000, 0x0000000717800000, 0x0000000717800000|100%|HC|  |TAMS 0x0000000717600000| PB 0x0000000717600000| Complete 
| 188|0x0000000717800000, 0x0000000717a00000, 0x0000000717a00000|100%|HC|  |TAMS 0x0000000717800000| PB 0x0000000717800000| Complete 
| 189|0x0000000717a00000, 0x0000000717c00000, 0x0000000717c00000|100%|HC|  |TAMS 0x0000000717a00000| PB 0x0000000717a00000| Complete 
| 190|0x0000000717c00000, 0x0000000717e00000, 0x0000000717e00000|100%|HC|  |TAMS 0x0000000717c00000| PB 0x0000000717c00000| Complete 
| 191|0x0000000717e00000, 0x0000000718000000, 0x0000000718000000|100%|HC|  |TAMS 0x0000000717e00000| PB 0x0000000717e00000| Complete 
| 192|0x0000000718000000, 0x0000000718200000, 0x0000000718200000|100%|HC|  |TAMS 0x0000000718000000| PB 0x0000000718000000| Complete 
| 193|0x0000000718200000, 0x0000000718400000, 0x0000000718400000|100%|HC|  |TAMS 0x0000000718200000| PB 0x0000000718200000| Complete 
| 194|0x0000000718400000, 0x0000000718600000, 0x0000000718600000|100%|HS|  |TAMS 0x0000000718400000| PB 0x0000000718400000| Complete 
| 195|0x0000000718600000, 0x0000000718800000, 0x0000000718800000|100%|HC|  |TAMS 0x0000000718600000| PB 0x0000000718600000| Complete 
| 196|0x0000000718800000, 0x0000000718a00000, 0x0000000718a00000|100%|HC|  |TAMS 0x0000000718800000| PB 0x0000000718800000| Complete 
| 197|0x0000000718a00000, 0x0000000718c00000, 0x0000000718c00000|100%|HC|  |TAMS 0x0000000718a00000| PB 0x0000000718a00000| Complete 
| 198|0x0000000718c00000, 0x0000000718e00000, 0x0000000718e00000|100%|HC|  |TAMS 0x0000000718c00000| PB 0x0000000718c00000| Complete 
| 199|0x0000000718e00000, 0x0000000719000000, 0x0000000719000000|100%|HC|  |TAMS 0x0000000718e00000| PB 0x0000000718e00000| Complete 
| 200|0x0000000719000000, 0x0000000719200000, 0x0000000719200000|100%|HC|  |TAMS 0x0000000719000000| PB 0x0000000719000000| Complete 
| 201|0x0000000719200000, 0x0000000719400000, 0x0000000719400000|100%|HC|  |TAMS 0x0000000719200000| PB 0x0000000719200000| Complete 
| 202|0x0000000719400000, 0x0000000719600000, 0x0000000719600000|100%|HC|  |TAMS 0x0000000719400000| PB 0x0000000719400000| Complete 
| 203|0x0000000719600000, 0x0000000719800000, 0x0000000719800000|100%|HC|  |TAMS 0x0000000719600000| PB 0x0000000719600000| Complete 
| 204|0x0000000719800000, 0x0000000719a00000, 0x0000000719a00000|100%|HC|  |TAMS 0x0000000719800000| PB 0x0000000719800000| Complete 
| 205|0x0000000719a00000, 0x0000000719c00000, 0x0000000719c00000|100%|HC|  |TAMS 0x0000000719a00000| PB 0x0000000719a00000| Complete 
| 206|0x0000000719c00000, 0x0000000719e00000, 0x0000000719e00000|100%|HC|  |TAMS 0x0000000719c00000| PB 0x0000000719c00000| Complete 
| 207|0x0000000719e00000, 0x000000071a000000, 0x000000071a000000|100%|HC|  |TAMS 0x0000000719e00000| PB 0x0000000719e00000| Complete 
| 208|0x000000071a000000, 0x000000071a200000, 0x000000071a200000|100%|HC|  |TAMS 0x000000071a000000| PB 0x000000071a000000| Complete 
| 209|0x000000071a200000, 0x000000071a400000, 0x000000071a400000|100%|HC|  |TAMS 0x000000071a200000| PB 0x000000071a200000| Complete 
| 210|0x000000071a400000, 0x000000071a600000, 0x000000071a600000|100%|HC|  |TAMS 0x000000071a400000| PB 0x000000071a400000| Complete 
| 211|0x000000071a600000, 0x000000071a800000, 0x000000071a800000|100%|HC|  |TAMS 0x000000071a600000| PB 0x000000071a600000| Complete 
| 212|0x000000071a800000, 0x000000071aa00000, 0x000000071aa00000|100%|HC|  |TAMS 0x000000071a800000| PB 0x000000071a800000| Complete 
| 213|0x000000071aa00000, 0x000000071ac00000, 0x000000071ac00000|100%|HC|  |TAMS 0x000000071aa00000| PB 0x000000071aa00000| Complete 
| 214|0x000000071ac00000, 0x000000071ae00000, 0x000000071ae00000|100%|HC|  |TAMS 0x000000071ac00000| PB 0x000000071ac00000| Complete 
| 215|0x000000071ae00000, 0x000000071b000000, 0x000000071b000000|100%|HC|  |TAMS 0x000000071ae00000| PB 0x000000071ae00000| Complete 
| 216|0x000000071b000000, 0x000000071b200000, 0x000000071b200000|100%|HC|  |TAMS 0x000000071b000000| PB 0x000000071b000000| Complete 
| 217|0x000000071b200000, 0x000000071b400000, 0x000000071b400000|100%|HC|  |TAMS 0x000000071b200000| PB 0x000000071b200000| Complete 
| 218|0x000000071b400000, 0x000000071b600000, 0x000000071b600000|100%|HC|  |TAMS 0x000000071b400000| PB 0x000000071b400000| Complete 
| 219|0x000000071b600000, 0x000000071b800000, 0x000000071b800000|100%|HC|  |TAMS 0x000000071b600000| PB 0x000000071b600000| Complete 
| 220|0x000000071b800000, 0x000000071ba00000, 0x000000071ba00000|100%|HC|  |TAMS 0x000000071b800000| PB 0x000000071b800000| Complete 
| 221|0x000000071ba00000, 0x000000071bc00000, 0x000000071bc00000|100%|HC|  |TAMS 0x000000071ba00000| PB 0x000000071ba00000| Complete 
| 222|0x000000071bc00000, 0x000000071be00000, 0x000000071be00000|100%|HC|  |TAMS 0x000000071bc00000| PB 0x000000071bc00000| Complete 
| 223|0x000000071be00000, 0x000000071c000000, 0x000000071c000000|100%|HC|  |TAMS 0x000000071be00000| PB 0x000000071be00000| Complete 
| 224|0x000000071c000000, 0x000000071c200000, 0x000000071c200000|100%|HC|  |TAMS 0x000000071c000000| PB 0x000000071c000000| Complete 
| 225|0x000000071c200000, 0x000000071c400000, 0x000000071c400000|100%|HC|  |TAMS 0x000000071c200000| PB 0x000000071c200000| Complete 
| 226|0x000000071c400000, 0x000000071c600000, 0x000000071c600000|100%|HC|  |TAMS 0x000000071c400000| PB 0x000000071c400000| Complete 
| 227|0x000000071c600000, 0x000000071c800000, 0x000000071c800000|100%|HC|  |TAMS 0x000000071c600000| PB 0x000000071c600000| Complete 
| 228|0x000000071c800000, 0x000000071ca00000, 0x000000071ca00000|100%|HC|  |TAMS 0x000000071c800000| PB 0x000000071c800000| Complete 
| 229|0x000000071ca00000, 0x000000071cc00000, 0x000000071cc00000|100%|HC|  |TAMS 0x000000071ca00000| PB 0x000000071ca00000| Complete 
| 230|0x000000071cc00000, 0x000000071ce00000, 0x000000071ce00000|100%|HC|  |TAMS 0x000000071cc00000| PB 0x000000071cc00000| Complete 
| 231|0x000000071ce00000, 0x000000071d000000, 0x000000071d000000|100%|HC|  |TAMS 0x000000071ce00000| PB 0x000000071ce00000| Complete 
| 232|0x000000071d000000, 0x000000071d200000, 0x000000071d200000|100%|HC|  |TAMS 0x000000071d000000| PB 0x000000071d000000| Complete 
| 233|0x000000071d200000, 0x000000071d400000, 0x000000071d400000|100%|HC|  |TAMS 0x000000071d200000| PB 0x000000071d200000| Complete 
| 234|0x000000071d400000, 0x000000071d600000, 0x000000071d600000|100%|HC|  |TAMS 0x000000071d400000| PB 0x000000071d400000| Complete 
| 235|0x000000071d600000, 0x000000071d800000, 0x000000071d800000|100%|HC|  |TAMS 0x000000071d600000| PB 0x000000071d600000| Complete 
| 236|0x000000071d800000, 0x000000071da00000, 0x000000071da00000|100%|HC|  |TAMS 0x000000071d800000| PB 0x000000071d800000| Complete 
| 237|0x000000071da00000, 0x000000071dc00000, 0x000000071dc00000|100%|HC|  |TAMS 0x000000071da00000| PB 0x000000071da00000| Complete 
| 238|0x000000071dc00000, 0x000000071de00000, 0x000000071de00000|100%|HC|  |TAMS 0x000000071dc00000| PB 0x000000071dc00000| Complete 
| 239|0x000000071de00000, 0x000000071e000000, 0x000000071e000000|100%|HC|  |TAMS 0x000000071de00000| PB 0x000000071de00000| Complete 
| 240|0x000000071e000000, 0x000000071e200000, 0x000000071e200000|100%|HC|  |TAMS 0x000000071e000000| PB 0x000000071e000000| Complete 
| 241|0x000000071e200000, 0x000000071e400000, 0x000000071e400000|100%|HC|  |TAMS 0x000000071e200000| PB 0x000000071e200000| Complete 
| 242|0x000000071e400000, 0x000000071e600000, 0x000000071e600000|100%|HC|  |TAMS 0x000000071e400000| PB 0x000000071e400000| Complete 
| 243|0x000000071e600000, 0x000000071e800000, 0x000000071e800000|100%|HC|  |TAMS 0x000000071e600000| PB 0x000000071e600000| Complete 
| 244|0x000000071e800000, 0x000000071ea00000, 0x000000071ea00000|100%|HC|  |TAMS 0x000000071e800000| PB 0x000000071e800000| Complete 
| 245|0x000000071ea00000, 0x000000071ec00000, 0x000000071ec00000|100%|HC|  |TAMS 0x000000071ea00000| PB 0x000000071ea00000| Complete 
| 246|0x000000071ec00000, 0x000000071ee00000, 0x000000071ee00000|100%|HC|  |TAMS 0x000000071ec00000| PB 0x000000071ec00000| Complete 
| 247|0x000000071ee00000, 0x000000071f000000, 0x000000071f000000|100%|HC|  |TAMS 0x000000071ee00000| PB 0x000000071ee00000| Complete 
| 248|0x000000071f000000, 0x000000071f200000, 0x000000071f200000|100%|HC|  |TAMS 0x000000071f000000| PB 0x000000071f000000| Complete 
| 249|0x000000071f200000, 0x000000071f400000, 0x000000071f400000|100%|HC|  |TAMS 0x000000071f200000| PB 0x000000071f200000| Complete 
| 250|0x000000071f400000, 0x000000071f600000, 0x000000071f600000|100%|HC|  |TAMS 0x000000071f400000| PB 0x000000071f400000| Complete 
| 251|0x000000071f600000, 0x000000071f800000, 0x000000071f800000|100%|HC|  |TAMS 0x000000071f600000| PB 0x000000071f600000| Complete 
| 252|0x000000071f800000, 0x000000071fa00000, 0x000000071fa00000|100%|HC|  |TAMS 0x000000071f800000| PB 0x000000071f800000| Complete 
| 253|0x000000071fa00000, 0x000000071fc00000, 0x000000071fc00000|100%|HC|  |TAMS 0x000000071fa00000| PB 0x000000071fa00000| Complete 
| 254|0x000000071fc00000, 0x000000071fe00000, 0x000000071fe00000|100%|HC|  |TAMS 0x000000071fc00000| PB 0x000000071fc00000| Complete 
| 255|0x000000071fe00000, 0x0000000720000000, 0x0000000720000000|100%|HC|  |TAMS 0x000000071fe00000| PB 0x000000071fe00000| Complete 
| 256|0x0000000720000000, 0x0000000720200000, 0x0000000720200000|100%|HC|  |TAMS 0x0000000720000000| PB 0x0000000720000000| Complete 
| 257|0x0000000720200000, 0x0000000720400000, 0x0000000720400000|100%|HC|  |TAMS 0x0000000720200000| PB 0x0000000720200000| Complete 
| 258|0x0000000720400000, 0x0000000720600000, 0x0000000720600000|100%|HC|  |TAMS 0x0000000720400000| PB 0x0000000720400000| Complete 
| 259|0x0000000720600000, 0x0000000720800000, 0x0000000720800000|100%|HS|  |TAMS 0x0000000720600000| PB 0x0000000720600000| Complete 
| 260|0x0000000720800000, 0x0000000720a00000, 0x0000000720a00000|100%|HC|  |TAMS 0x0000000720800000| PB 0x0000000720800000| Complete 
| 261|0x0000000720a00000, 0x0000000720c00000, 0x0000000720c00000|100%|HC|  |TAMS 0x0000000720a00000| PB 0x0000000720a00000| Complete 
| 262|0x0000000720c00000, 0x0000000720e00000, 0x0000000720e00000|100%|HC|  |TAMS 0x0000000720c00000| PB 0x0000000720c00000| Complete 
| 263|0x0000000720e00000, 0x0000000721000000, 0x0000000721000000|100%|HC|  |TAMS 0x0000000720e00000| PB 0x0000000720e00000| Complete 
| 264|0x0000000721000000, 0x0000000721200000, 0x0000000721200000|100%|HC|  |TAMS 0x0000000721000000| PB 0x0000000721000000| Complete 
| 265|0x0000000721200000, 0x0000000721400000, 0x0000000721400000|100%|HC|  |TAMS 0x0000000721200000| PB 0x0000000721200000| Complete 
| 266|0x0000000721400000, 0x0000000721600000, 0x0000000721600000|100%|HC|  |TAMS 0x0000000721400000| PB 0x0000000721400000| Complete 
| 267|0x0000000721600000, 0x0000000721800000, 0x0000000721800000|100%|HC|  |TAMS 0x0000000721600000| PB 0x0000000721600000| Complete 
| 268|0x0000000721800000, 0x0000000721a00000, 0x0000000721a00000|100%|HC|  |TAMS 0x0000000721800000| PB 0x0000000721800000| Complete 
| 269|0x0000000721a00000, 0x0000000721c00000, 0x0000000721c00000|100%|HC|  |TAMS 0x0000000721a00000| PB 0x0000000721a00000| Complete 
| 270|0x0000000721c00000, 0x0000000721e00000, 0x0000000721e00000|100%|HC|  |TAMS 0x0000000721c00000| PB 0x0000000721c00000| Complete 
| 271|0x0000000721e00000, 0x0000000722000000, 0x0000000722000000|100%|HC|  |TAMS 0x0000000721e00000| PB 0x0000000721e00000| Complete 
| 272|0x0000000722000000, 0x0000000722200000, 0x0000000722200000|100%|HC|  |TAMS 0x0000000722000000| PB 0x0000000722000000| Complete 
| 273|0x0000000722200000, 0x0000000722400000, 0x0000000722400000|100%|HC|  |TAMS 0x0000000722200000| PB 0x0000000722200000| Complete 
| 274|0x0000000722400000, 0x0000000722600000, 0x0000000722600000|100%|HC|  |TAMS 0x0000000722400000| PB 0x0000000722400000| Complete 
| 275|0x0000000722600000, 0x0000000722800000, 0x0000000722800000|100%|HC|  |TAMS 0x0000000722600000| PB 0x0000000722600000| Complete 
| 276|0x0000000722800000, 0x0000000722a00000, 0x0000000722a00000|100%|HC|  |TAMS 0x0000000722800000| PB 0x0000000722800000| Complete 
| 277|0x0000000722a00000, 0x0000000722c00000, 0x0000000722c00000|100%|HC|  |TAMS 0x0000000722a00000| PB 0x0000000722a00000| Complete 
| 278|0x0000000722c00000, 0x0000000722e00000, 0x0000000722e00000|100%|HC|  |TAMS 0x0000000722c00000| PB 0x0000000722c00000| Complete 
| 279|0x0000000722e00000, 0x0000000723000000, 0x0000000723000000|100%|HC|  |TAMS 0x0000000722e00000| PB 0x0000000722e00000| Complete 
| 280|0x0000000723000000, 0x0000000723200000, 0x0000000723200000|100%|HC|  |TAMS 0x0000000723000000| PB 0x0000000723000000| Complete 
| 281|0x0000000723200000, 0x0000000723400000, 0x0000000723400000|100%|HC|  |TAMS 0x0000000723200000| PB 0x0000000723200000| Complete 
| 282|0x0000000723400000, 0x0000000723600000, 0x0000000723600000|100%|HC|  |TAMS 0x0000000723400000| PB 0x0000000723400000| Complete 
| 283|0x0000000723600000, 0x0000000723800000, 0x0000000723800000|100%|HC|  |TAMS 0x0000000723600000| PB 0x0000000723600000| Complete 
| 284|0x0000000723800000, 0x0000000723a00000, 0x0000000723a00000|100%|HC|  |TAMS 0x0000000723800000| PB 0x0000000723800000| Complete 
| 285|0x0000000723a00000, 0x0000000723c00000, 0x0000000723c00000|100%|HC|  |TAMS 0x0000000723a00000| PB 0x0000000723a00000| Complete 
| 286|0x0000000723c00000, 0x0000000723e00000, 0x0000000723e00000|100%|HC|  |TAMS 0x0000000723c00000| PB 0x0000000723c00000| Complete 
| 287|0x0000000723e00000, 0x0000000724000000, 0x0000000724000000|100%|HC|  |TAMS 0x0000000723e00000| PB 0x0000000723e00000| Complete 
| 288|0x0000000724000000, 0x0000000724200000, 0x0000000724200000|100%|HC|  |TAMS 0x0000000724000000| PB 0x0000000724000000| Complete 
| 289|0x0000000724200000, 0x0000000724400000, 0x0000000724400000|100%|HC|  |TAMS 0x0000000724200000| PB 0x0000000724200000| Complete 
| 290|0x0000000724400000, 0x0000000724600000, 0x0000000724600000|100%|HC|  |TAMS 0x0000000724400000| PB 0x0000000724400000| Complete 
| 291|0x0000000724600000, 0x0000000724800000, 0x0000000724800000|100%|HC|  |TAMS 0x0000000724600000| PB 0x0000000724600000| Complete 
| 292|0x0000000724800000, 0x0000000724a00000, 0x0000000724a00000|100%|HC|  |TAMS 0x0000000724800000| PB 0x0000000724800000| Complete 
| 293|0x0000000724a00000, 0x0000000724c00000, 0x0000000724c00000|100%|HC|  |TAMS 0x0000000724a00000| PB 0x0000000724a00000| Complete 
| 294|0x0000000724c00000, 0x0000000724e00000, 0x0000000724e00000|100%|HC|  |TAMS 0x0000000724c00000| PB 0x0000000724c00000| Complete 
| 295|0x0000000724e00000, 0x0000000725000000, 0x0000000725000000|100%|HC|  |TAMS 0x0000000724e00000| PB 0x0000000724e00000| Complete 
| 296|0x0000000725000000, 0x0000000725200000, 0x0000000725200000|100%|HC|  |TAMS 0x0000000725000000| PB 0x0000000725000000| Complete 
| 297|0x0000000725200000, 0x0000000725400000, 0x0000000725400000|100%|HC|  |TAMS 0x0000000725200000| PB 0x0000000725200000| Complete 
| 298|0x0000000725400000, 0x0000000725600000, 0x0000000725600000|100%|HC|  |TAMS 0x0000000725400000| PB 0x0000000725400000| Complete 
| 299|0x0000000725600000, 0x0000000725800000, 0x0000000725800000|100%|HC|  |TAMS 0x0000000725600000| PB 0x0000000725600000| Complete 
| 300|0x0000000725800000, 0x0000000725a00000, 0x0000000725a00000|100%|HC|  |TAMS 0x0000000725800000| PB 0x0000000725800000| Complete 
| 301|0x0000000725a00000, 0x0000000725c00000, 0x0000000725c00000|100%|HC|  |TAMS 0x0000000725a00000| PB 0x0000000725a00000| Complete 
| 302|0x0000000725c00000, 0x0000000725e00000, 0x0000000725e00000|100%|HC|  |TAMS 0x0000000725c00000| PB 0x0000000725c00000| Complete 
| 303|0x0000000725e00000, 0x0000000726000000, 0x0000000726000000|100%|HC|  |TAMS 0x0000000725e00000| PB 0x0000000725e00000| Complete 
| 304|0x0000000726000000, 0x0000000726200000, 0x0000000726200000|100%|HC|  |TAMS 0x0000000726000000| PB 0x0000000726000000| Complete 
| 305|0x0000000726200000, 0x0000000726400000, 0x0000000726400000|100%|HC|  |TAMS 0x0000000726200000| PB 0x0000000726200000| Complete 
| 306|0x0000000726400000, 0x0000000726600000, 0x0000000726600000|100%|HC|  |TAMS 0x0000000726400000| PB 0x0000000726400000| Complete 
| 307|0x0000000726600000, 0x0000000726800000, 0x0000000726800000|100%|HC|  |TAMS 0x0000000726600000| PB 0x0000000726600000| Complete 
| 308|0x0000000726800000, 0x0000000726a00000, 0x0000000726a00000|100%|HC|  |TAMS 0x0000000726800000| PB 0x0000000726800000| Complete 
| 309|0x0000000726a00000, 0x0000000726c00000, 0x0000000726c00000|100%|HC|  |TAMS 0x0000000726a00000| PB 0x0000000726a00000| Complete 
| 310|0x0000000726c00000, 0x0000000726e00000, 0x0000000726e00000|100%|HC|  |TAMS 0x0000000726c00000| PB 0x0000000726c00000| Complete 
| 311|0x0000000726e00000, 0x0000000727000000, 0x0000000727000000|100%|HC|  |TAMS 0x0000000726e00000| PB 0x0000000726e00000| Complete 
| 312|0x0000000727000000, 0x0000000727200000, 0x0000000727200000|100%|HC|  |TAMS 0x0000000727000000| PB 0x0000000727000000| Complete 
| 313|0x0000000727200000, 0x0000000727400000, 0x0000000727400000|100%|HC|  |TAMS 0x0000000727200000| PB 0x0000000727200000| Complete 
| 314|0x0000000727400000, 0x0000000727600000, 0x0000000727600000|100%|HC|  |TAMS 0x0000000727400000| PB 0x0000000727400000| Complete 
| 315|0x0000000727600000, 0x0000000727800000, 0x0000000727800000|100%|HC|  |TAMS 0x0000000727600000| PB 0x0000000727600000| Complete 
| 316|0x0000000727800000, 0x0000000727a00000, 0x0000000727a00000|100%|HC|  |TAMS 0x0000000727800000| PB 0x0000000727800000| Complete 
| 317|0x0000000727a00000, 0x0000000727c00000, 0x0000000727c00000|100%|HC|  |TAMS 0x0000000727a00000| PB 0x0000000727a00000| Complete 
| 318|0x0000000727c00000, 0x0000000727e00000, 0x0000000727e00000|100%|HC|  |TAMS 0x0000000727c00000| PB 0x0000000727c00000| Complete 
| 319|0x0000000727e00000, 0x0000000728000000, 0x0000000728000000|100%|HC|  |TAMS 0x0000000727e00000| PB 0x0000000727e00000| Complete 
| 320|0x0000000728000000, 0x0000000728200000, 0x0000000728200000|100%|HC|  |TAMS 0x0000000728000000| PB 0x0000000728000000| Complete 
| 321|0x0000000728200000, 0x0000000728400000, 0x0000000728400000|100%|HC|  |TAMS 0x0000000728200000| PB 0x0000000728200000| Complete 
| 322|0x0000000728400000, 0x0000000728600000, 0x0000000728600000|100%|HC|  |TAMS 0x0000000728400000| PB 0x0000000728400000| Complete 
| 323|0x0000000728600000, 0x0000000728800000, 0x0000000728800000|100%|HC|  |TAMS 0x0000000728600000| PB 0x0000000728600000| Complete 
| 324|0x0000000728800000, 0x0000000728a00000, 0x0000000728a00000|100%|HC|  |TAMS 0x0000000728800000| PB 0x0000000728800000| Complete 
| 325|0x0000000728a00000, 0x0000000728c00000, 0x0000000728c00000|100%|HC|  |TAMS 0x0000000728a00000| PB 0x0000000728a00000| Complete 
| 326|0x0000000728c00000, 0x0000000728e00000, 0x0000000728e00000|100%|HC|  |TAMS 0x0000000728c00000| PB 0x0000000728c00000| Complete 
| 327|0x0000000728e00000, 0x0000000729000000, 0x0000000729000000|100%|HC|  |TAMS 0x0000000728e00000| PB 0x0000000728e00000| Complete 
| 328|0x0000000729000000, 0x0000000729200000, 0x0000000729200000|100%|HC|  |TAMS 0x0000000729000000| PB 0x0000000729000000| Complete 
| 329|0x0000000729200000, 0x0000000729400000, 0x0000000729400000|100%|HC|  |TAMS 0x0000000729200000| PB 0x0000000729200000| Complete 
| 330|0x0000000729400000, 0x0000000729600000, 0x0000000729600000|100%|HC|  |TAMS 0x0000000729400000| PB 0x0000000729400000| Complete 
| 331|0x0000000729600000, 0x0000000729800000, 0x0000000729800000|100%|HC|  |TAMS 0x0000000729600000| PB 0x0000000729600000| Complete 
| 332|0x0000000729800000, 0x0000000729a00000, 0x0000000729a00000|100%|HC|  |TAMS 0x0000000729800000| PB 0x0000000729800000| Complete 
| 333|0x0000000729a00000, 0x0000000729c00000, 0x0000000729c00000|100%|HC|  |TAMS 0x0000000729a00000| PB 0x0000000729a00000| Complete 
| 334|0x0000000729c00000, 0x0000000729e00000, 0x0000000729e00000|100%|HC|  |TAMS 0x0000000729c00000| PB 0x0000000729c00000| Complete 
| 335|0x0000000729e00000, 0x000000072a000000, 0x000000072a000000|100%|HC|  |TAMS 0x0000000729e00000| PB 0x0000000729e00000| Complete 
| 336|0x000000072a000000, 0x000000072a200000, 0x000000072a200000|100%|HC|  |TAMS 0x000000072a000000| PB 0x000000072a000000| Complete 
| 337|0x000000072a200000, 0x000000072a400000, 0x000000072a400000|100%|HC|  |TAMS 0x000000072a200000| PB 0x000000072a200000| Complete 
| 338|0x000000072a400000, 0x000000072a600000, 0x000000072a600000|100%|HC|  |TAMS 0x000000072a400000| PB 0x000000072a400000| Complete 
| 339|0x000000072a600000, 0x000000072a800000, 0x000000072a800000|100%|HC|  |TAMS 0x000000072a600000| PB 0x000000072a600000| Complete 
| 340|0x000000072a800000, 0x000000072aa00000, 0x000000072aa00000|100%|HC|  |TAMS 0x000000072a800000| PB 0x000000072a800000| Complete 
| 341|0x000000072aa00000, 0x000000072ac00000, 0x000000072ac00000|100%|HC|  |TAMS 0x000000072aa00000| PB 0x000000072aa00000| Complete 
| 342|0x000000072ac00000, 0x000000072ae00000, 0x000000072ae00000|100%|HC|  |TAMS 0x000000072ac00000| PB 0x000000072ac00000| Complete 
| 343|0x000000072ae00000, 0x000000072b000000, 0x000000072b000000|100%|HC|  |TAMS 0x000000072ae00000| PB 0x000000072ae00000| Complete 
| 344|0x000000072b000000, 0x000000072b200000, 0x000000072b200000|100%|HC|  |TAMS 0x000000072b000000| PB 0x000000072b000000| Complete 
| 345|0x000000072b200000, 0x000000072b400000, 0x000000072b400000|100%|HC|  |TAMS 0x000000072b200000| PB 0x000000072b200000| Complete 
| 346|0x000000072b400000, 0x000000072b600000, 0x000000072b600000|100%|HC|  |TAMS 0x000000072b400000| PB 0x000000072b400000| Complete 
| 347|0x000000072b600000, 0x000000072b800000, 0x000000072b800000|100%|HC|  |TAMS 0x000000072b600000| PB 0x000000072b600000| Complete 
| 348|0x000000072b800000, 0x000000072ba00000, 0x000000072ba00000|100%|HC|  |TAMS 0x000000072b800000| PB 0x000000072b800000| Complete 
| 349|0x000000072ba00000, 0x000000072bc00000, 0x000000072bc00000|100%|HC|  |TAMS 0x000000072ba00000| PB 0x000000072ba00000| Complete 
| 350|0x000000072bc00000, 0x000000072be00000, 0x000000072be00000|100%|HC|  |TAMS 0x000000072bc00000| PB 0x000000072bc00000| Complete 
| 351|0x000000072be00000, 0x000000072c000000, 0x000000072c000000|100%|HC|  |TAMS 0x000000072be00000| PB 0x000000072be00000| Complete 
| 352|0x000000072c000000, 0x000000072c200000, 0x000000072c200000|100%|HC|  |TAMS 0x000000072c000000| PB 0x000000072c000000| Complete 
| 353|0x000000072c200000, 0x000000072c400000, 0x000000072c400000|100%|HC|  |TAMS 0x000000072c200000| PB 0x000000072c200000| Complete 
| 354|0x000000072c400000, 0x000000072c600000, 0x000000072c600000|100%|HC|  |TAMS 0x000000072c400000| PB 0x000000072c400000| Complete 
| 355|0x000000072c600000, 0x000000072c800000, 0x000000072c800000|100%|HC|  |TAMS 0x000000072c600000| PB 0x000000072c600000| Complete 
| 356|0x000000072c800000, 0x000000072ca00000, 0x000000072ca00000|100%|HC|  |TAMS 0x000000072c800000| PB 0x000000072c800000| Complete 
| 357|0x000000072ca00000, 0x000000072cc00000, 0x000000072cc00000|100%|HC|  |TAMS 0x000000072ca00000| PB 0x000000072ca00000| Complete 
| 358|0x000000072cc00000, 0x000000072ce00000, 0x000000072ce00000|100%|HC|  |TAMS 0x000000072cc00000| PB 0x000000072cc00000| Complete 
| 359|0x000000072ce00000, 0x000000072d000000, 0x000000072d000000|100%|HC|  |TAMS 0x000000072ce00000| PB 0x000000072ce00000| Complete 
| 360|0x000000072d000000, 0x000000072d200000, 0x000000072d200000|100%|HC|  |TAMS 0x000000072d000000| PB 0x000000072d000000| Complete 
| 361|0x000000072d200000, 0x000000072d400000, 0x000000072d400000|100%|HC|  |TAMS 0x000000072d200000| PB 0x000000072d200000| Complete 
| 362|0x000000072d400000, 0x000000072d600000, 0x000000072d600000|100%|HC|  |TAMS 0x000000072d400000| PB 0x000000072d400000| Complete 
| 363|0x000000072d600000, 0x000000072d800000, 0x000000072d800000|100%|HC|  |TAMS 0x000000072d600000| PB 0x000000072d600000| Complete 
| 364|0x000000072d800000, 0x000000072da00000, 0x000000072da00000|100%|HC|  |TAMS 0x000000072d800000| PB 0x000000072d800000| Complete 
| 365|0x000000072da00000, 0x000000072dc00000, 0x000000072dc00000|100%|HC|  |TAMS 0x000000072da00000| PB 0x000000072da00000| Complete 
| 366|0x000000072dc00000, 0x000000072de00000, 0x000000072de00000|100%|HC|  |TAMS 0x000000072dc00000| PB 0x000000072dc00000| Complete 
| 367|0x000000072de00000, 0x000000072e000000, 0x000000072e000000|100%|HC|  |TAMS 0x000000072de00000| PB 0x000000072de00000| Complete 
| 368|0x000000072e000000, 0x000000072e200000, 0x000000072e200000|100%|HC|  |TAMS 0x000000072e000000| PB 0x000000072e000000| Complete 
| 369|0x000000072e200000, 0x000000072e400000, 0x000000072e400000|100%|HC|  |TAMS 0x000000072e200000| PB 0x000000072e200000| Complete 
| 370|0x000000072e400000, 0x000000072e600000, 0x000000072e600000|100%|HC|  |TAMS 0x000000072e400000| PB 0x000000072e400000| Complete 
| 371|0x000000072e600000, 0x000000072e800000, 0x000000072e800000|100%|HC|  |TAMS 0x000000072e600000| PB 0x000000072e600000| Complete 
| 372|0x000000072e800000, 0x000000072ea00000, 0x000000072ea00000|100%|HC|  |TAMS 0x000000072e800000| PB 0x000000072e800000| Complete 
| 373|0x000000072ea00000, 0x000000072ec00000, 0x000000072ec00000|100%|HC|  |TAMS 0x000000072ea00000| PB 0x000000072ea00000| Complete 
| 374|0x000000072ec00000, 0x000000072ee00000, 0x000000072ee00000|100%|HC|  |TAMS 0x000000072ec00000| PB 0x000000072ec00000| Complete 
| 375|0x000000072ee00000, 0x000000072f000000, 0x000000072f000000|100%|HC|  |TAMS 0x000000072ee00000| PB 0x000000072ee00000| Complete 
| 376|0x000000072f000000, 0x000000072f200000, 0x000000072f200000|100%|HC|  |TAMS 0x000000072f000000| PB 0x000000072f000000| Complete 
| 377|0x000000072f200000, 0x000000072f400000, 0x000000072f400000|100%|HC|  |TAMS 0x000000072f200000| PB 0x000000072f200000| Complete 
| 378|0x000000072f400000, 0x000000072f600000, 0x000000072f600000|100%|HC|  |TAMS 0x000000072f400000| PB 0x000000072f400000| Complete 
| 379|0x000000072f600000, 0x000000072f800000, 0x000000072f800000|100%|HC|  |TAMS 0x000000072f600000| PB 0x000000072f600000| Complete 
| 380|0x000000072f800000, 0x000000072fa00000, 0x000000072fa00000|100%|HC|  |TAMS 0x000000072f800000| PB 0x000000072f800000| Complete 
| 381|0x000000072fa00000, 0x000000072fc00000, 0x000000072fc00000|100%|HC|  |TAMS 0x000000072fa00000| PB 0x000000072fa00000| Complete 
| 382|0x000000072fc00000, 0x000000072fe00000, 0x000000072fe00000|100%|HC|  |TAMS 0x000000072fc00000| PB 0x000000072fc00000| Complete 
| 383|0x000000072fe00000, 0x0000000730000000, 0x0000000730000000|100%|HC|  |TAMS 0x000000072fe00000| PB 0x000000072fe00000| Complete 
| 384|0x0000000730000000, 0x0000000730200000, 0x0000000730200000|100%|HC|  |TAMS 0x0000000730000000| PB 0x0000000730000000| Complete 
| 385|0x0000000730200000, 0x0000000730400000, 0x0000000730400000|100%|HC|  |TAMS 0x0000000730200000| PB 0x0000000730200000| Complete 
| 386|0x0000000730400000, 0x0000000730600000, 0x0000000730600000|100%|HC|  |TAMS 0x0000000730400000| PB 0x0000000730400000| Complete 
| 387|0x0000000730600000, 0x0000000730800000, 0x0000000730800000|100%|HC|  |TAMS 0x0000000730600000| PB 0x0000000730600000| Complete 
| 388|0x0000000730800000, 0x0000000730a00000, 0x0000000730a00000|100%|HS|  |TAMS 0x0000000730800000| PB 0x0000000730800000| Complete 
| 389|0x0000000730a00000, 0x0000000730c00000, 0x0000000730c00000|100%|HC|  |TAMS 0x0000000730a00000| PB 0x0000000730a00000| Complete 
| 390|0x0000000730c00000, 0x0000000730e00000, 0x0000000730e00000|100%|HC|  |TAMS 0x0000000730c00000| PB 0x0000000730c00000| Complete 
| 391|0x0000000730e00000, 0x0000000731000000, 0x0000000731000000|100%|HS|  |TAMS 0x0000000730e00000| PB 0x0000000730e00000| Complete 
| 392|0x0000000731000000, 0x0000000731200000, 0x0000000731200000|100%|HC|  |TAMS 0x0000000731000000| PB 0x0000000731000000| Complete 
| 393|0x0000000731200000, 0x0000000731400000, 0x0000000731400000|100%|HC|  |TAMS 0x0000000731200000| PB 0x0000000731200000| Complete 
| 394|0x0000000731400000, 0x0000000731600000, 0x0000000731600000|100%|HC|  |TAMS 0x0000000731400000| PB 0x0000000731400000| Complete 
| 395|0x0000000731600000, 0x0000000731800000, 0x0000000731800000|100%|HC|  |TAMS 0x0000000731600000| PB 0x0000000731600000| Complete 
| 396|0x0000000731800000, 0x0000000731a00000, 0x0000000731a00000|100%|HS|  |TAMS 0x0000000731800000| PB 0x0000000731800000| Complete 
| 397|0x0000000731a00000, 0x0000000731c00000, 0x0000000731c00000|100%|HC|  |TAMS 0x0000000731a00000| PB 0x0000000731a00000| Complete 
| 398|0x0000000731c00000, 0x0000000731e00000, 0x0000000731e00000|100%|HC|  |TAMS 0x0000000731c00000| PB 0x0000000731c00000| Complete 
| 399|0x0000000731e00000, 0x0000000732000000, 0x0000000732000000|100%|HC|  |TAMS 0x0000000731e00000| PB 0x0000000731e00000| Complete 
| 400|0x0000000732000000, 0x0000000732200000, 0x0000000732200000|100%|HC|  |TAMS 0x0000000732000000| PB 0x0000000732000000| Complete 
| 401|0x0000000732200000, 0x0000000732400000, 0x0000000732400000|100%|HC|  |TAMS 0x0000000732200000| PB 0x0000000732200000| Complete 
| 402|0x0000000732400000, 0x0000000732600000, 0x0000000732600000|100%|HC|  |TAMS 0x0000000732400000| PB 0x0000000732400000| Complete 
| 403|0x0000000732600000, 0x0000000732800000, 0x0000000732800000|100%|HC|  |TAMS 0x0000000732600000| PB 0x0000000732600000| Complete 
| 404|0x0000000732800000, 0x0000000732a00000, 0x0000000732a00000|100%|HC|  |TAMS 0x0000000732800000| PB 0x0000000732800000| Complete 
| 405|0x0000000732a00000, 0x0000000732c00000, 0x0000000732c00000|100%|HS|  |TAMS 0x0000000732a00000| PB 0x0000000732a00000| Complete 
| 406|0x0000000732c00000, 0x0000000732e00000, 0x0000000732e00000|100%|HS|  |TAMS 0x0000000732c00000| PB 0x0000000732c00000| Complete 
| 407|0x0000000732e00000, 0x0000000733000000, 0x0000000733000000|100%|HC|  |TAMS 0x0000000732e00000| PB 0x0000000732e00000| Complete 
| 408|0x0000000733000000, 0x0000000733200000, 0x0000000733200000|100%|HS|  |TAMS 0x0000000733000000| PB 0x0000000733000000| Complete 
| 409|0x0000000733200000, 0x0000000733400000, 0x0000000733400000|100%|HC|  |TAMS 0x0000000733200000| PB 0x0000000733200000| Complete 
| 410|0x0000000733400000, 0x0000000733600000, 0x0000000733600000|100%|HC|  |TAMS 0x0000000733400000| PB 0x0000000733400000| Complete 
| 411|0x0000000733600000, 0x00000007336f5df0, 0x0000000733800000| 48%| S|CS|TAMS 0x0000000733600000| PB 0x0000000733600000| Complete 
| 412|0x0000000733800000, 0x0000000733a00000, 0x0000000733a00000|100%| S|CS|TAMS 0x0000000733800000| PB 0x0000000733800000| Complete 
| 413|0x0000000733a00000, 0x0000000733c00000, 0x0000000733c00000|100%| S|CS|TAMS 0x0000000733a00000| PB 0x0000000733a00000| Complete 
| 414|0x0000000733c00000, 0x0000000733e00000, 0x0000000733e00000|100%|HS|  |TAMS 0x0000000733c00000| PB 0x0000000733c00000| Complete 
| 415|0x0000000733e00000, 0x0000000734000000, 0x0000000734000000|100%|HC|  |TAMS 0x0000000733e00000| PB 0x0000000733e00000| Complete 
| 416|0x0000000734000000, 0x0000000734200000, 0x0000000734200000|100%|HC|  |TAMS 0x0000000734000000| PB 0x0000000734000000| Complete 
| 417|0x0000000734200000, 0x0000000734400000, 0x0000000734400000|100%|HC|  |TAMS 0x0000000734200000| PB 0x0000000734200000| Complete 
| 418|0x0000000734400000, 0x0000000734600000, 0x0000000734600000|100%|HC|  |TAMS 0x0000000734400000| PB 0x0000000734400000| Complete 
| 419|0x0000000734600000, 0x0000000734800000, 0x0000000734800000|100%|HC|  |TAMS 0x0000000734600000| PB 0x0000000734600000| Complete 
| 420|0x0000000734800000, 0x0000000734a00000, 0x0000000734a00000|100%|HC|  |TAMS 0x0000000734800000| PB 0x0000000734800000| Complete 
| 421|0x0000000734a00000, 0x0000000734c00000, 0x0000000734c00000|100%|HC|  |TAMS 0x0000000734a00000| PB 0x0000000734a00000| Complete 
| 422|0x0000000734c00000, 0x0000000734e00000, 0x0000000734e00000|100%|HC|  |TAMS 0x0000000734c00000| PB 0x0000000734c00000| Complete 
| 423|0x0000000734e00000, 0x0000000735000000, 0x0000000735000000|100%|HC|  |TAMS 0x0000000734e00000| PB 0x0000000734e00000| Complete 
| 424|0x0000000735000000, 0x0000000735200000, 0x0000000735200000|100%|HC|  |TAMS 0x0000000735000000| PB 0x0000000735000000| Complete 
| 425|0x0000000735200000, 0x0000000735400000, 0x0000000735400000|100%|HC|  |TAMS 0x0000000735200000| PB 0x0000000735200000| Complete 
| 426|0x0000000735400000, 0x0000000735600000, 0x0000000735600000|100%|HC|  |TAMS 0x0000000735400000| PB 0x0000000735400000| Complete 
| 427|0x0000000735600000, 0x0000000735800000, 0x0000000735800000|100%|HC|  |TAMS 0x0000000735600000| PB 0x0000000735600000| Complete 
| 428|0x0000000735800000, 0x0000000735a00000, 0x0000000735a00000|100%|HC|  |TAMS 0x0000000735800000| PB 0x0000000735800000| Complete 
| 429|0x0000000735a00000, 0x0000000735c00000, 0x0000000735c00000|100%|HC|  |TAMS 0x0000000735a00000| PB 0x0000000735a00000| Complete 
| 430|0x0000000735c00000, 0x0000000735e00000, 0x0000000735e00000|100%|HC|  |TAMS 0x0000000735c00000| PB 0x0000000735c00000| Complete 
| 431|0x0000000735e00000, 0x0000000736000000, 0x0000000736000000|100%|HS|  |TAMS 0x0000000735e00000| PB 0x0000000735e00000| Complete 
| 432|0x0000000736000000, 0x0000000736200000, 0x0000000736200000|100%|HC|  |TAMS 0x0000000736000000| PB 0x0000000736000000| Complete 
| 433|0x0000000736200000, 0x0000000736400000, 0x0000000736400000|100%|HC|  |TAMS 0x0000000736200000| PB 0x0000000736200000| Complete 
| 434|0x0000000736400000, 0x0000000736600000, 0x0000000736600000|100%|HC|  |TAMS 0x0000000736400000| PB 0x0000000736400000| Complete 
| 435|0x0000000736600000, 0x0000000736800000, 0x0000000736800000|100%|HC|  |TAMS 0x0000000736600000| PB 0x0000000736600000| Complete 
| 436|0x0000000736800000, 0x0000000736a00000, 0x0000000736a00000|100%|HC|  |TAMS 0x0000000736800000| PB 0x0000000736800000| Complete 
| 437|0x0000000736a00000, 0x0000000736c00000, 0x0000000736c00000|100%|HC|  |TAMS 0x0000000736a00000| PB 0x0000000736a00000| Complete 
| 438|0x0000000736c00000, 0x0000000736e00000, 0x0000000736e00000|100%|HC|  |TAMS 0x0000000736c00000| PB 0x0000000736c00000| Complete 
| 439|0x0000000736e00000, 0x0000000737000000, 0x0000000737000000|100%|HC|  |TAMS 0x0000000736e00000| PB 0x0000000736e00000| Complete 
| 440|0x0000000737000000, 0x0000000737200000, 0x0000000737200000|100%|HC|  |TAMS 0x0000000737000000| PB 0x0000000737000000| Complete 
| 441|0x0000000737200000, 0x0000000737400000, 0x0000000737400000|100%|HC|  |TAMS 0x0000000737200000| PB 0x0000000737200000| Complete 
| 442|0x0000000737400000, 0x0000000737600000, 0x0000000737600000|100%|HC|  |TAMS 0x0000000737400000| PB 0x0000000737400000| Complete 
| 443|0x0000000737600000, 0x0000000737800000, 0x0000000737800000|100%|HC|  |TAMS 0x0000000737600000| PB 0x0000000737600000| Complete 
| 444|0x0000000737800000, 0x0000000737a00000, 0x0000000737a00000|100%|HC|  |TAMS 0x0000000737800000| PB 0x0000000737800000| Complete 
| 445|0x0000000737a00000, 0x0000000737c00000, 0x0000000737c00000|100%|HC|  |TAMS 0x0000000737a00000| PB 0x0000000737a00000| Complete 
| 446|0x0000000737c00000, 0x0000000737e00000, 0x0000000737e00000|100%|HC|  |TAMS 0x0000000737c00000| PB 0x0000000737c00000| Complete 
| 447|0x0000000737e00000, 0x0000000738000000, 0x0000000738000000|100%|HC|  |TAMS 0x0000000737e00000| PB 0x0000000737e00000| Complete 
| 448|0x0000000738000000, 0x0000000738200000, 0x0000000738200000|100%|HC|  |TAMS 0x0000000738000000| PB 0x0000000738000000| Complete 
| 449|0x0000000738200000, 0x0000000738400000, 0x0000000738400000|100%|HC|  |TAMS 0x0000000738200000| PB 0x0000000738200000| Complete 
| 450|0x0000000738400000, 0x0000000738600000, 0x0000000738600000|100%|HC|  |TAMS 0x0000000738400000| PB 0x0000000738400000| Complete 
| 451|0x0000000738600000, 0x0000000738800000, 0x0000000738800000|100%|HC|  |TAMS 0x0000000738600000| PB 0x0000000738600000| Complete 
| 452|0x0000000738800000, 0x0000000738a00000, 0x0000000738a00000|100%|HC|  |TAMS 0x0000000738800000| PB 0x0000000738800000| Complete 
| 453|0x0000000738a00000, 0x0000000738c00000, 0x0000000738c00000|100%|HC|  |TAMS 0x0000000738a00000| PB 0x0000000738a00000| Complete 
| 454|0x0000000738c00000, 0x0000000738e00000, 0x0000000738e00000|100%|HC|  |TAMS 0x0000000738c00000| PB 0x0000000738c00000| Complete 
| 455|0x0000000738e00000, 0x0000000739000000, 0x0000000739000000|100%|HC|  |TAMS 0x0000000738e00000| PB 0x0000000738e00000| Complete 
| 456|0x0000000739000000, 0x0000000739200000, 0x0000000739200000|100%|HC|  |TAMS 0x0000000739000000| PB 0x0000000739000000| Complete 
| 457|0x0000000739200000, 0x0000000739400000, 0x0000000739400000|100%|HC|  |TAMS 0x0000000739200000| PB 0x0000000739200000| Complete 
| 458|0x0000000739400000, 0x0000000739600000, 0x0000000739600000|100%|HC|  |TAMS 0x0000000739400000| PB 0x0000000739400000| Complete 
| 459|0x0000000739600000, 0x0000000739800000, 0x0000000739800000|100%|HC|  |TAMS 0x0000000739600000| PB 0x0000000739600000| Complete 
| 460|0x0000000739800000, 0x0000000739a00000, 0x0000000739a00000|100%|HC|  |TAMS 0x0000000739800000| PB 0x0000000739800000| Complete 
| 461|0x0000000739a00000, 0x0000000739c00000, 0x0000000739c00000|100%|HC|  |TAMS 0x0000000739a00000| PB 0x0000000739a00000| Complete 
| 462|0x0000000739c00000, 0x0000000739e00000, 0x0000000739e00000|100%|HC|  |TAMS 0x0000000739c00000| PB 0x0000000739c00000| Complete 
| 463|0x0000000739e00000, 0x000000073a000000, 0x000000073a000000|100%|HC|  |TAMS 0x0000000739e00000| PB 0x0000000739e00000| Complete 
| 464|0x000000073a000000, 0x000000073a000000, 0x000000073a200000|  0%| F|  |TAMS 0x000000073a000000| PB 0x000000073a000000| Untracked 
| 465|0x000000073a200000, 0x000000073a32d138, 0x000000073a400000| 58%| E|  |TAMS 0x000000073a200000| PB 0x000000073a200000| Complete 
| 466|0x000000073a400000, 0x000000073a600000, 0x000000073a600000|100%| E|  |TAMS 0x000000073a400000| PB 0x000000073a400000| Complete 
| 467|0x000000073a600000, 0x000000073a800000, 0x000000073a800000|100%| E|CS|TAMS 0x000000073a600000| PB 0x000000073a600000| Complete 
| 468|0x000000073a800000, 0x000000073aa00000, 0x000000073aa00000|100%| E|CS|TAMS 0x000000073a800000| PB 0x000000073a800000| Complete 
| 469|0x000000073aa00000, 0x000000073ac00000, 0x000000073ac00000|100%| E|CS|TAMS 0x000000073aa00000| PB 0x000000073aa00000| Complete 
| 470|0x000000073ac00000, 0x000000073ae00000, 0x000000073ae00000|100%| E|CS|TAMS 0x000000073ac00000| PB 0x000000073ac00000| Complete 
| 471|0x000000073ae00000, 0x000000073b000000, 0x000000073b000000|100%| E|CS|TAMS 0x000000073ae00000| PB 0x000000073ae00000| Complete 
| 472|0x000000073b000000, 0x000000073b200000, 0x000000073b200000|100%|HS|  |TAMS 0x000000073b000000| PB 0x000000073b000000| Complete 
| 473|0x000000073b200000, 0x000000073b400000, 0x000000073b400000|100%|HC|  |TAMS 0x000000073b200000| PB 0x000000073b200000| Complete 
| 474|0x000000073b400000, 0x000000073b600000, 0x000000073b600000|100%|HC|  |TAMS 0x000000073b400000| PB 0x000000073b400000| Complete 
| 475|0x000000073b600000, 0x000000073b800000, 0x000000073b800000|100%|HC|  |TAMS 0x000000073b600000| PB 0x000000073b600000| Complete 
| 476|0x000000073b800000, 0x000000073ba00000, 0x000000073ba00000|100%|HC|  |TAMS 0x000000073b800000| PB 0x000000073b800000| Complete 
| 477|0x000000073ba00000, 0x000000073bc00000, 0x000000073bc00000|100%|HC|  |TAMS 0x000000073ba00000| PB 0x000000073ba00000| Complete 
| 478|0x000000073bc00000, 0x000000073be00000, 0x000000073be00000|100%|HC|  |TAMS 0x000000073bc00000| PB 0x000000073bc00000| Complete 
| 479|0x000000073be00000, 0x000000073c000000, 0x000000073c000000|100%|HC|  |TAMS 0x000000073be00000| PB 0x000000073be00000| Complete 
| 480|0x000000073c000000, 0x000000073c200000, 0x000000073c200000|100%|HC|  |TAMS 0x000000073c000000| PB 0x000000073c000000| Complete 
| 481|0x000000073c200000, 0x000000073c400000, 0x000000073c400000|100%|HC|  |TAMS 0x000000073c200000| PB 0x000000073c200000| Complete 
| 482|0x000000073c400000, 0x000000073c600000, 0x000000073c600000|100%|HC|  |TAMS 0x000000073c400000| PB 0x000000073c400000| Complete 
| 483|0x000000073c600000, 0x000000073c800000, 0x000000073c800000|100%|HC|  |TAMS 0x000000073c600000| PB 0x000000073c600000| Complete 
| 484|0x000000073c800000, 0x000000073ca00000, 0x000000073ca00000|100%|HC|  |TAMS 0x000000073c800000| PB 0x000000073c800000| Complete 
| 485|0x000000073ca00000, 0x000000073cc00000, 0x000000073cc00000|100%|HC|  |TAMS 0x000000073ca00000| PB 0x000000073ca00000| Complete 
| 486|0x000000073cc00000, 0x000000073ce00000, 0x000000073ce00000|100%|HC|  |TAMS 0x000000073cc00000| PB 0x000000073cc00000| Complete 
| 487|0x000000073ce00000, 0x000000073d000000, 0x000000073d000000|100%|HC|  |TAMS 0x000000073ce00000| PB 0x000000073ce00000| Complete 
| 488|0x000000073d000000, 0x000000073d200000, 0x000000073d200000|100%|HC|  |TAMS 0x000000073d000000| PB 0x000000073d000000| Complete 
| 489|0x000000073d200000, 0x000000073d400000, 0x000000073d400000|100%|HC|  |TAMS 0x000000073d200000| PB 0x000000073d200000| Complete 
| 490|0x000000073d400000, 0x000000073d600000, 0x000000073d600000|100%|HC|  |TAMS 0x000000073d400000| PB 0x000000073d400000| Complete 
| 491|0x000000073d600000, 0x000000073d800000, 0x000000073d800000|100%|HC|  |TAMS 0x000000073d600000| PB 0x000000073d600000| Complete 
| 492|0x000000073d800000, 0x000000073da00000, 0x000000073da00000|100%|HC|  |TAMS 0x000000073d800000| PB 0x000000073d800000| Complete 
| 493|0x000000073da00000, 0x000000073dc00000, 0x000000073dc00000|100%|HC|  |TAMS 0x000000073da00000| PB 0x000000073da00000| Complete 
| 494|0x000000073dc00000, 0x000000073de00000, 0x000000073de00000|100%|HC|  |TAMS 0x000000073dc00000| PB 0x000000073dc00000| Complete 
| 495|0x000000073de00000, 0x000000073e000000, 0x000000073e000000|100%|HC|  |TAMS 0x000000073de00000| PB 0x000000073de00000| Complete 
| 496|0x000000073e000000, 0x000000073e200000, 0x000000073e200000|100%|HC|  |TAMS 0x000000073e000000| PB 0x000000073e000000| Complete 
| 497|0x000000073e200000, 0x000000073e400000, 0x000000073e400000|100%|HC|  |TAMS 0x000000073e200000| PB 0x000000073e200000| Complete 
| 498|0x000000073e400000, 0x000000073e600000, 0x000000073e600000|100%|HC|  |TAMS 0x000000073e400000| PB 0x000000073e400000| Complete 
| 499|0x000000073e600000, 0x000000073e800000, 0x000000073e800000|100%|HC|  |TAMS 0x000000073e600000| PB 0x000000073e600000| Complete 
| 500|0x000000073e800000, 0x000000073ea00000, 0x000000073ea00000|100%|HC|  |TAMS 0x000000073e800000| PB 0x000000073e800000| Complete 
| 501|0x000000073ea00000, 0x000000073ec00000, 0x000000073ec00000|100%|HC|  |TAMS 0x000000073ea00000| PB 0x000000073ea00000| Complete 
| 502|0x000000073ec00000, 0x000000073ee00000, 0x000000073ee00000|100%|HC|  |TAMS 0x000000073ec00000| PB 0x000000073ec00000| Complete 
| 503|0x000000073ee00000, 0x000000073f000000, 0x000000073f000000|100%|HC|  |TAMS 0x000000073ee00000| PB 0x000000073ee00000| Complete 
| 504|0x000000073f000000, 0x000000073f200000, 0x000000073f200000|100%|HC|  |TAMS 0x000000073f000000| PB 0x000000073f000000| Complete 
| 505|0x000000073f200000, 0x000000073f400000, 0x000000073f400000|100%|HC|  |TAMS 0x000000073f200000| PB 0x000000073f200000| Complete 
| 506|0x000000073f400000, 0x000000073f600000, 0x000000073f600000|100%|HC|  |TAMS 0x000000073f400000| PB 0x000000073f400000| Complete 
| 507|0x000000073f600000, 0x000000073f800000, 0x000000073f800000|100%|HC|  |TAMS 0x000000073f600000| PB 0x000000073f600000| Complete 
| 508|0x000000073f800000, 0x000000073fa00000, 0x000000073fa00000|100%|HC|  |TAMS 0x000000073f800000| PB 0x000000073f800000| Complete 
| 509|0x000000073fa00000, 0x000000073fc00000, 0x000000073fc00000|100%|HC|  |TAMS 0x000000073fa00000| PB 0x000000073fa00000| Complete 
| 510|0x000000073fc00000, 0x000000073fe00000, 0x000000073fe00000|100%|HC|  |TAMS 0x000000073fc00000| PB 0x000000073fc00000| Complete 
| 511|0x000000073fe00000, 0x0000000740000000, 0x0000000740000000|100%|HC|  |TAMS 0x000000073fe00000| PB 0x000000073fe00000| Complete 
| 512|0x0000000740000000, 0x0000000740200000, 0x0000000740200000|100%|HC|  |TAMS 0x0000000740000000| PB 0x0000000740000000| Complete 
| 513|0x0000000740200000, 0x0000000740400000, 0x0000000740400000|100%|HC|  |TAMS 0x0000000740200000| PB 0x0000000740200000| Complete 
| 514|0x0000000740400000, 0x0000000740600000, 0x0000000740600000|100%|HC|  |TAMS 0x0000000740400000| PB 0x0000000740400000| Complete 
| 515|0x0000000740600000, 0x0000000740800000, 0x0000000740800000|100%|HC|  |TAMS 0x0000000740600000| PB 0x0000000740600000| Complete 
| 516|0x0000000740800000, 0x0000000740a00000, 0x0000000740a00000|100%|HC|  |TAMS 0x0000000740800000| PB 0x0000000740800000| Complete 
| 517|0x0000000740a00000, 0x0000000740c00000, 0x0000000740c00000|100%|HC|  |TAMS 0x0000000740a00000| PB 0x0000000740a00000| Complete 
| 518|0x0000000740c00000, 0x0000000740e00000, 0x0000000740e00000|100%|HC|  |TAMS 0x0000000740c00000| PB 0x0000000740c00000| Complete 
| 519|0x0000000740e00000, 0x0000000741000000, 0x0000000741000000|100%|HC|  |TAMS 0x0000000740e00000| PB 0x0000000740e00000| Complete 
| 520|0x0000000741000000, 0x0000000741200000, 0x0000000741200000|100%|HC|  |TAMS 0x0000000741000000| PB 0x0000000741000000| Complete 
| 521|0x0000000741200000, 0x0000000741400000, 0x0000000741400000|100%|HC|  |TAMS 0x0000000741200000| PB 0x0000000741200000| Complete 
| 522|0x0000000741400000, 0x0000000741600000, 0x0000000741600000|100%|HC|  |TAMS 0x0000000741400000| PB 0x0000000741400000| Complete 
| 523|0x0000000741600000, 0x0000000741800000, 0x0000000741800000|100%|HC|  |TAMS 0x0000000741600000| PB 0x0000000741600000| Complete 
| 524|0x0000000741800000, 0x0000000741a00000, 0x0000000741a00000|100%|HC|  |TAMS 0x0000000741800000| PB 0x0000000741800000| Complete 
| 525|0x0000000741a00000, 0x0000000741c00000, 0x0000000741c00000|100%|HC|  |TAMS 0x0000000741a00000| PB 0x0000000741a00000| Complete 
| 526|0x0000000741c00000, 0x0000000741e00000, 0x0000000741e00000|100%|HC|  |TAMS 0x0000000741c00000| PB 0x0000000741c00000| Complete 
| 527|0x0000000741e00000, 0x0000000742000000, 0x0000000742000000|100%|HC|  |TAMS 0x0000000741e00000| PB 0x0000000741e00000| Complete 
| 528|0x0000000742000000, 0x0000000742200000, 0x0000000742200000|100%|HC|  |TAMS 0x0000000742000000| PB 0x0000000742000000| Complete 
| 529|0x0000000742200000, 0x0000000742400000, 0x0000000742400000|100%|HC|  |TAMS 0x0000000742200000| PB 0x0000000742200000| Complete 
| 530|0x0000000742400000, 0x0000000742600000, 0x0000000742600000|100%|HC|  |TAMS 0x0000000742400000| PB 0x0000000742400000| Complete 
| 531|0x0000000742600000, 0x0000000742800000, 0x0000000742800000|100%|HC|  |TAMS 0x0000000742600000| PB 0x0000000742600000| Complete 
| 532|0x0000000742800000, 0x0000000742a00000, 0x0000000742a00000|100%|HC|  |TAMS 0x0000000742800000| PB 0x0000000742800000| Complete 
| 533|0x0000000742a00000, 0x0000000742c00000, 0x0000000742c00000|100%|HC|  |TAMS 0x0000000742a00000| PB 0x0000000742a00000| Complete 
| 534|0x0000000742c00000, 0x0000000742e00000, 0x0000000742e00000|100%|HC|  |TAMS 0x0000000742c00000| PB 0x0000000742c00000| Complete 
| 535|0x0000000742e00000, 0x0000000743000000, 0x0000000743000000|100%|HC|  |TAMS 0x0000000742e00000| PB 0x0000000742e00000| Complete 
| 536|0x0000000743000000, 0x0000000743200000, 0x0000000743200000|100%|HC|  |TAMS 0x0000000743000000| PB 0x0000000743000000| Complete 
| 537|0x0000000743200000, 0x0000000743400000, 0x0000000743400000|100%|HC|  |TAMS 0x0000000743200000| PB 0x0000000743200000| Complete 
| 538|0x0000000743400000, 0x0000000743600000, 0x0000000743600000|100%|HC|  |TAMS 0x0000000743400000| PB 0x0000000743400000| Complete 
| 539|0x0000000743600000, 0x0000000743800000, 0x0000000743800000|100%|HC|  |TAMS 0x0000000743600000| PB 0x0000000743600000| Complete 
| 540|0x0000000743800000, 0x0000000743a00000, 0x0000000743a00000|100%|HC|  |TAMS 0x0000000743800000| PB 0x0000000743800000| Complete 
| 541|0x0000000743a00000, 0x0000000743c00000, 0x0000000743c00000|100%|HC|  |TAMS 0x0000000743a00000| PB 0x0000000743a00000| Complete 
| 542|0x0000000743c00000, 0x0000000743e00000, 0x0000000743e00000|100%|HC|  |TAMS 0x0000000743c00000| PB 0x0000000743c00000| Complete 
| 543|0x0000000743e00000, 0x0000000744000000, 0x0000000744000000|100%|HC|  |TAMS 0x0000000743e00000| PB 0x0000000743e00000| Complete 
| 544|0x0000000744000000, 0x0000000744200000, 0x0000000744200000|100%|HC|  |TAMS 0x0000000744000000| PB 0x0000000744000000| Complete 
| 545|0x0000000744200000, 0x0000000744400000, 0x0000000744400000|100%|HC|  |TAMS 0x0000000744200000| PB 0x0000000744200000| Complete 
| 546|0x0000000744400000, 0x0000000744600000, 0x0000000744600000|100%|HC|  |TAMS 0x0000000744400000| PB 0x0000000744400000| Complete 
| 547|0x0000000744600000, 0x0000000744800000, 0x0000000744800000|100%|HC|  |TAMS 0x0000000744600000| PB 0x0000000744600000| Complete 
| 548|0x0000000744800000, 0x0000000744a00000, 0x0000000744a00000|100%|HC|  |TAMS 0x0000000744800000| PB 0x0000000744800000| Complete 
| 549|0x0000000744a00000, 0x0000000744c00000, 0x0000000744c00000|100%|HC|  |TAMS 0x0000000744a00000| PB 0x0000000744a00000| Complete 
| 550|0x0000000744c00000, 0x0000000744e00000, 0x0000000744e00000|100%|HC|  |TAMS 0x0000000744c00000| PB 0x0000000744c00000| Complete 
| 551|0x0000000744e00000, 0x0000000745000000, 0x0000000745000000|100%|HS|  |TAMS 0x0000000744e00000| PB 0x0000000744e00000| Complete 
| 552|0x0000000745000000, 0x0000000745200000, 0x0000000745200000|100%|HC|  |TAMS 0x0000000745000000| PB 0x0000000745000000| Complete 
| 553|0x0000000745200000, 0x0000000745400000, 0x0000000745400000|100%|HC|  |TAMS 0x0000000745200000| PB 0x0000000745200000| Complete 
| 554|0x0000000745400000, 0x0000000745600000, 0x0000000745600000|100%|HC|  |TAMS 0x0000000745400000| PB 0x0000000745400000| Complete 
| 555|0x0000000745600000, 0x0000000745800000, 0x0000000745800000|100%|HC|  |TAMS 0x0000000745600000| PB 0x0000000745600000| Complete 
| 556|0x0000000745800000, 0x0000000745a00000, 0x0000000745a00000|100%|HC|  |TAMS 0x0000000745800000| PB 0x0000000745800000| Complete 
| 557|0x0000000745a00000, 0x0000000745c00000, 0x0000000745c00000|100%|HC|  |TAMS 0x0000000745a00000| PB 0x0000000745a00000| Complete 
| 558|0x0000000745c00000, 0x0000000745e00000, 0x0000000745e00000|100%|HC|  |TAMS 0x0000000745c00000| PB 0x0000000745c00000| Complete 
| 559|0x0000000745e00000, 0x0000000746000000, 0x0000000746000000|100%|HC|  |TAMS 0x0000000745e00000| PB 0x0000000745e00000| Complete 
| 560|0x0000000746000000, 0x0000000746200000, 0x0000000746200000|100%|HC|  |TAMS 0x0000000746000000| PB 0x0000000746000000| Complete 
| 561|0x0000000746200000, 0x0000000746400000, 0x0000000746400000|100%|HC|  |TAMS 0x0000000746200000| PB 0x0000000746200000| Complete 
| 562|0x0000000746400000, 0x0000000746600000, 0x0000000746600000|100%|HC|  |TAMS 0x0000000746400000| PB 0x0000000746400000| Complete 
| 563|0x0000000746600000, 0x0000000746800000, 0x0000000746800000|100%|HC|  |TAMS 0x0000000746600000| PB 0x0000000746600000| Complete 
| 564|0x0000000746800000, 0x0000000746a00000, 0x0000000746a00000|100%|HC|  |TAMS 0x0000000746800000| PB 0x0000000746800000| Complete 
| 565|0x0000000746a00000, 0x0000000746c00000, 0x0000000746c00000|100%|HC|  |TAMS 0x0000000746a00000| PB 0x0000000746a00000| Complete 
| 566|0x0000000746c00000, 0x0000000746e00000, 0x0000000746e00000|100%|HC|  |TAMS 0x0000000746c00000| PB 0x0000000746c00000| Complete 
| 567|0x0000000746e00000, 0x0000000747000000, 0x0000000747000000|100%|HC|  |TAMS 0x0000000746e00000| PB 0x0000000746e00000| Complete 
| 568|0x0000000747000000, 0x0000000747200000, 0x0000000747200000|100%|HC|  |TAMS 0x0000000747000000| PB 0x0000000747000000| Complete 
| 569|0x0000000747200000, 0x0000000747400000, 0x0000000747400000|100%|HC|  |TAMS 0x0000000747200000| PB 0x0000000747200000| Complete 
| 570|0x0000000747400000, 0x0000000747600000, 0x0000000747600000|100%|HC|  |TAMS 0x0000000747400000| PB 0x0000000747400000| Complete 
| 571|0x0000000747600000, 0x0000000747800000, 0x0000000747800000|100%|HC|  |TAMS 0x0000000747600000| PB 0x0000000747600000| Complete 
| 572|0x0000000747800000, 0x0000000747a00000, 0x0000000747a00000|100%|HC|  |TAMS 0x0000000747800000| PB 0x0000000747800000| Complete 
| 573|0x0000000747a00000, 0x0000000747c00000, 0x0000000747c00000|100%|HC|  |TAMS 0x0000000747a00000| PB 0x0000000747a00000| Complete 
| 574|0x0000000747c00000, 0x0000000747e00000, 0x0000000747e00000|100%|HC|  |TAMS 0x0000000747c00000| PB 0x0000000747c00000| Complete 
| 575|0x0000000747e00000, 0x0000000748000000, 0x0000000748000000|100%|HC|  |TAMS 0x0000000747e00000| PB 0x0000000747e00000| Complete 
| 576|0x0000000748000000, 0x0000000748200000, 0x0000000748200000|100%|HC|  |TAMS 0x0000000748000000| PB 0x0000000748000000| Complete 
| 577|0x0000000748200000, 0x0000000748400000, 0x0000000748400000|100%|HC|  |TAMS 0x0000000748200000| PB 0x0000000748200000| Complete 
| 578|0x0000000748400000, 0x0000000748600000, 0x0000000748600000|100%|HC|  |TAMS 0x0000000748400000| PB 0x0000000748400000| Complete 
| 579|0x0000000748600000, 0x0000000748800000, 0x0000000748800000|100%|HC|  |TAMS 0x0000000748600000| PB 0x0000000748600000| Complete 
| 580|0x0000000748800000, 0x0000000748a00000, 0x0000000748a00000|100%|HC|  |TAMS 0x0000000748800000| PB 0x0000000748800000| Complete 
| 581|0x0000000748a00000, 0x0000000748c00000, 0x0000000748c00000|100%|HC|  |TAMS 0x0000000748a00000| PB 0x0000000748a00000| Complete 
| 582|0x0000000748c00000, 0x0000000748e00000, 0x0000000748e00000|100%|HC|  |TAMS 0x0000000748c00000| PB 0x0000000748c00000| Complete 
| 583|0x0000000748e00000, 0x0000000749000000, 0x0000000749000000|100%|HC|  |TAMS 0x0000000748e00000| PB 0x0000000748e00000| Complete 
| 584|0x0000000749000000, 0x0000000749200000, 0x0000000749200000|100%|HC|  |TAMS 0x0000000749000000| PB 0x0000000749000000| Complete 
| 585|0x0000000749200000, 0x0000000749400000, 0x0000000749400000|100%|HC|  |TAMS 0x0000000749200000| PB 0x0000000749200000| Complete 
| 586|0x0000000749400000, 0x0000000749600000, 0x0000000749600000|100%|HC|  |TAMS 0x0000000749400000| PB 0x0000000749400000| Complete 
| 587|0x0000000749600000, 0x0000000749800000, 0x0000000749800000|100%|HC|  |TAMS 0x0000000749600000| PB 0x0000000749600000| Complete 
| 588|0x0000000749800000, 0x0000000749a00000, 0x0000000749a00000|100%|HC|  |TAMS 0x0000000749800000| PB 0x0000000749800000| Complete 
| 589|0x0000000749a00000, 0x0000000749c00000, 0x0000000749c00000|100%|HC|  |TAMS 0x0000000749a00000| PB 0x0000000749a00000| Complete 
| 590|0x0000000749c00000, 0x0000000749e00000, 0x0000000749e00000|100%|HC|  |TAMS 0x0000000749c00000| PB 0x0000000749c00000| Complete 
| 591|0x0000000749e00000, 0x000000074a000000, 0x000000074a000000|100%|HC|  |TAMS 0x0000000749e00000| PB 0x0000000749e00000| Complete 
| 592|0x000000074a000000, 0x000000074a200000, 0x000000074a200000|100%|HC|  |TAMS 0x000000074a000000| PB 0x000000074a000000| Complete 
| 593|0x000000074a200000, 0x000000074a400000, 0x000000074a400000|100%|HC|  |TAMS 0x000000074a200000| PB 0x000000074a200000| Complete 
| 594|0x000000074a400000, 0x000000074a600000, 0x000000074a600000|100%|HC|  |TAMS 0x000000074a400000| PB 0x000000074a400000| Complete 
| 595|0x000000074a600000, 0x000000074a800000, 0x000000074a800000|100%|HC|  |TAMS 0x000000074a600000| PB 0x000000074a600000| Complete 
| 596|0x000000074a800000, 0x000000074aa00000, 0x000000074aa00000|100%|HC|  |TAMS 0x000000074a800000| PB 0x000000074a800000| Complete 
| 597|0x000000074aa00000, 0x000000074ac00000, 0x000000074ac00000|100%|HC|  |TAMS 0x000000074aa00000| PB 0x000000074aa00000| Complete 
| 598|0x000000074ac00000, 0x000000074ae00000, 0x000000074ae00000|100%|HC|  |TAMS 0x000000074ac00000| PB 0x000000074ac00000| Complete 
| 599|0x000000074ae00000, 0x000000074b000000, 0x000000074b000000|100%|HC|  |TAMS 0x000000074ae00000| PB 0x000000074ae00000| Complete 
| 600|0x000000074b000000, 0x000000074b200000, 0x000000074b200000|100%|HC|  |TAMS 0x000000074b000000| PB 0x000000074b000000| Complete 
| 601|0x000000074b200000, 0x000000074b400000, 0x000000074b400000|100%|HC|  |TAMS 0x000000074b200000| PB 0x000000074b200000| Complete 
| 602|0x000000074b400000, 0x000000074b600000, 0x000000074b600000|100%|HC|  |TAMS 0x000000074b400000| PB 0x000000074b400000| Complete 
| 603|0x000000074b600000, 0x000000074b800000, 0x000000074b800000|100%|HC|  |TAMS 0x000000074b600000| PB 0x000000074b600000| Complete 
| 604|0x000000074b800000, 0x000000074ba00000, 0x000000074ba00000|100%|HC|  |TAMS 0x000000074b800000| PB 0x000000074b800000| Complete 
| 605|0x000000074ba00000, 0x000000074bc00000, 0x000000074bc00000|100%|HC|  |TAMS 0x000000074ba00000| PB 0x000000074ba00000| Complete 
| 606|0x000000074bc00000, 0x000000074be00000, 0x000000074be00000|100%|HC|  |TAMS 0x000000074bc00000| PB 0x000000074bc00000| Complete 
| 607|0x000000074be00000, 0x000000074c000000, 0x000000074c000000|100%|HC|  |TAMS 0x000000074be00000| PB 0x000000074be00000| Complete 
| 608|0x000000074c000000, 0x000000074c200000, 0x000000074c200000|100%|HC|  |TAMS 0x000000074c000000| PB 0x000000074c000000| Complete 
| 609|0x000000074c200000, 0x000000074c400000, 0x000000074c400000|100%|HC|  |TAMS 0x000000074c200000| PB 0x000000074c200000| Complete 
| 610|0x000000074c400000, 0x000000074c600000, 0x000000074c600000|100%|HC|  |TAMS 0x000000074c400000| PB 0x000000074c400000| Complete 
| 611|0x000000074c600000, 0x000000074c800000, 0x000000074c800000|100%|HC|  |TAMS 0x000000074c600000| PB 0x000000074c600000| Complete 
| 612|0x000000074c800000, 0x000000074ca00000, 0x000000074ca00000|100%|HC|  |TAMS 0x000000074c800000| PB 0x000000074c800000| Complete 
| 613|0x000000074ca00000, 0x000000074cc00000, 0x000000074cc00000|100%|HC|  |TAMS 0x000000074ca00000| PB 0x000000074ca00000| Complete 
| 614|0x000000074cc00000, 0x000000074ce00000, 0x000000074ce00000|100%|HC|  |TAMS 0x000000074cc00000| PB 0x000000074cc00000| Complete 
| 615|0x000000074ce00000, 0x000000074d000000, 0x000000074d000000|100%|HC|  |TAMS 0x000000074ce00000| PB 0x000000074ce00000| Complete 
| 616|0x000000074d000000, 0x000000074d200000, 0x000000074d200000|100%|HS|  |TAMS 0x000000074d000000| PB 0x000000074d000000| Complete 
| 617|0x000000074d200000, 0x000000074d400000, 0x000000074d400000|100%|HC|  |TAMS 0x000000074d200000| PB 0x000000074d200000| Complete 
| 618|0x000000074d400000, 0x000000074d600000, 0x000000074d600000|100%|HC|  |TAMS 0x000000074d400000| PB 0x000000074d400000| Complete 
| 619|0x000000074d600000, 0x000000074d800000, 0x000000074d800000|100%|HC|  |TAMS 0x000000074d600000| PB 0x000000074d600000| Complete 
| 620|0x000000074d800000, 0x000000074da00000, 0x000000074da00000|100%|HC|  |TAMS 0x000000074d800000| PB 0x000000074d800000| Complete 
| 621|0x000000074da00000, 0x000000074dc00000, 0x000000074dc00000|100%|HC|  |TAMS 0x000000074da00000| PB 0x000000074da00000| Complete 
| 622|0x000000074dc00000, 0x000000074de00000, 0x000000074de00000|100%|HC|  |TAMS 0x000000074dc00000| PB 0x000000074dc00000| Complete 
| 623|0x000000074de00000, 0x000000074e000000, 0x000000074e000000|100%|HC|  |TAMS 0x000000074de00000| PB 0x000000074de00000| Complete 
| 624|0x000000074e000000, 0x000000074e200000, 0x000000074e200000|100%|HC|  |TAMS 0x000000074e000000| PB 0x000000074e000000| Complete 
| 625|0x000000074e200000, 0x000000074e400000, 0x000000074e400000|100%|HC|  |TAMS 0x000000074e200000| PB 0x000000074e200000| Complete 
| 626|0x000000074e400000, 0x000000074e600000, 0x000000074e600000|100%|HC|  |TAMS 0x000000074e400000| PB 0x000000074e400000| Complete 
| 627|0x000000074e600000, 0x000000074e800000, 0x000000074e800000|100%|HC|  |TAMS 0x000000074e600000| PB 0x000000074e600000| Complete 
| 628|0x000000074e800000, 0x000000074ea00000, 0x000000074ea00000|100%|HC|  |TAMS 0x000000074e800000| PB 0x000000074e800000| Complete 
| 629|0x000000074ea00000, 0x000000074ec00000, 0x000000074ec00000|100%|HC|  |TAMS 0x000000074ea00000| PB 0x000000074ea00000| Complete 
| 630|0x000000074ec00000, 0x000000074ee00000, 0x000000074ee00000|100%|HC|  |TAMS 0x000000074ec00000| PB 0x000000074ec00000| Complete 
| 631|0x000000074ee00000, 0x000000074f000000, 0x000000074f000000|100%|HC|  |TAMS 0x000000074ee00000| PB 0x000000074ee00000| Complete 
| 632|0x000000074f000000, 0x000000074f200000, 0x000000074f200000|100%|HC|  |TAMS 0x000000074f000000| PB 0x000000074f000000| Complete 
| 633|0x000000074f200000, 0x000000074f400000, 0x000000074f400000|100%|HC|  |TAMS 0x000000074f200000| PB 0x000000074f200000| Complete 
| 634|0x000000074f400000, 0x000000074f600000, 0x000000074f600000|100%|HC|  |TAMS 0x000000074f400000| PB 0x000000074f400000| Complete 
| 635|0x000000074f600000, 0x000000074f800000, 0x000000074f800000|100%|HC|  |TAMS 0x000000074f600000| PB 0x000000074f600000| Complete 
| 636|0x000000074f800000, 0x000000074fa00000, 0x000000074fa00000|100%|HC|  |TAMS 0x000000074f800000| PB 0x000000074f800000| Complete 
| 637|0x000000074fa00000, 0x000000074fc00000, 0x000000074fc00000|100%|HC|  |TAMS 0x000000074fa00000| PB 0x000000074fa00000| Complete 
| 638|0x000000074fc00000, 0x000000074fe00000, 0x000000074fe00000|100%|HC|  |TAMS 0x000000074fc00000| PB 0x000000074fc00000| Complete 
| 639|0x000000074fe00000, 0x0000000750000000, 0x0000000750000000|100%|HC|  |TAMS 0x000000074fe00000| PB 0x000000074fe00000| Complete 
| 640|0x0000000750000000, 0x0000000750200000, 0x0000000750200000|100%|HC|  |TAMS 0x0000000750000000| PB 0x0000000750000000| Complete 
| 641|0x0000000750200000, 0x0000000750400000, 0x0000000750400000|100%|HC|  |TAMS 0x0000000750200000| PB 0x0000000750200000| Complete 
| 642|0x0000000750400000, 0x0000000750600000, 0x0000000750600000|100%|HC|  |TAMS 0x0000000750400000| PB 0x0000000750400000| Complete 
| 643|0x0000000750600000, 0x0000000750800000, 0x0000000750800000|100%|HC|  |TAMS 0x0000000750600000| PB 0x0000000750600000| Complete 
| 644|0x0000000750800000, 0x0000000750a00000, 0x0000000750a00000|100%|HC|  |TAMS 0x0000000750800000| PB 0x0000000750800000| Complete 
| 645|0x0000000750a00000, 0x0000000750c00000, 0x0000000750c00000|100%|HC|  |TAMS 0x0000000750a00000| PB 0x0000000750a00000| Complete 
| 646|0x0000000750c00000, 0x0000000750e00000, 0x0000000750e00000|100%|HC|  |TAMS 0x0000000750c00000| PB 0x0000000750c00000| Complete 
| 647|0x0000000750e00000, 0x0000000751000000, 0x0000000751000000|100%|HC|  |TAMS 0x0000000750e00000| PB 0x0000000750e00000| Complete 
| 648|0x0000000751000000, 0x0000000751200000, 0x0000000751200000|100%|HC|  |TAMS 0x0000000751000000| PB 0x0000000751000000| Complete 
| 649|0x0000000751200000, 0x0000000751400000, 0x0000000751400000|100%|HC|  |TAMS 0x0000000751200000| PB 0x0000000751200000| Complete 
| 650|0x0000000751400000, 0x0000000751600000, 0x0000000751600000|100%|HC|  |TAMS 0x0000000751400000| PB 0x0000000751400000| Complete 
| 651|0x0000000751600000, 0x0000000751800000, 0x0000000751800000|100%|HC|  |TAMS 0x0000000751600000| PB 0x0000000751600000| Complete 
| 652|0x0000000751800000, 0x0000000751a00000, 0x0000000751a00000|100%|HC|  |TAMS 0x0000000751800000| PB 0x0000000751800000| Complete 
| 653|0x0000000751a00000, 0x0000000751c00000, 0x0000000751c00000|100%|HC|  |TAMS 0x0000000751a00000| PB 0x0000000751a00000| Complete 
| 654|0x0000000751c00000, 0x0000000751e00000, 0x0000000751e00000|100%|HC|  |TAMS 0x0000000751c00000| PB 0x0000000751c00000| Complete 
| 655|0x0000000751e00000, 0x0000000752000000, 0x0000000752000000|100%|HC|  |TAMS 0x0000000751e00000| PB 0x0000000751e00000| Complete 
| 656|0x0000000752000000, 0x0000000752200000, 0x0000000752200000|100%|HC|  |TAMS 0x0000000752000000| PB 0x0000000752000000| Complete 
| 657|0x0000000752200000, 0x0000000752400000, 0x0000000752400000|100%|HC|  |TAMS 0x0000000752200000| PB 0x0000000752200000| Complete 
| 658|0x0000000752400000, 0x0000000752600000, 0x0000000752600000|100%|HC|  |TAMS 0x0000000752400000| PB 0x0000000752400000| Complete 
| 659|0x0000000752600000, 0x0000000752800000, 0x0000000752800000|100%|HC|  |TAMS 0x0000000752600000| PB 0x0000000752600000| Complete 
| 660|0x0000000752800000, 0x0000000752a00000, 0x0000000752a00000|100%|HC|  |TAMS 0x0000000752800000| PB 0x0000000752800000| Complete 
| 661|0x0000000752a00000, 0x0000000752c00000, 0x0000000752c00000|100%|HC|  |TAMS 0x0000000752a00000| PB 0x0000000752a00000| Complete 
| 662|0x0000000752c00000, 0x0000000752e00000, 0x0000000752e00000|100%|HC|  |TAMS 0x0000000752c00000| PB 0x0000000752c00000| Complete 
| 663|0x0000000752e00000, 0x0000000753000000, 0x0000000753000000|100%|HC|  |TAMS 0x0000000752e00000| PB 0x0000000752e00000| Complete 
| 664|0x0000000753000000, 0x0000000753200000, 0x0000000753200000|100%|HC|  |TAMS 0x0000000753000000| PB 0x0000000753000000| Complete 
| 665|0x0000000753200000, 0x0000000753400000, 0x0000000753400000|100%|HC|  |TAMS 0x0000000753200000| PB 0x0000000753200000| Complete 
| 666|0x0000000753400000, 0x0000000753600000, 0x0000000753600000|100%|HC|  |TAMS 0x0000000753400000| PB 0x0000000753400000| Complete 
| 667|0x0000000753600000, 0x0000000753800000, 0x0000000753800000|100%|HC|  |TAMS 0x0000000753600000| PB 0x0000000753600000| Complete 
| 668|0x0000000753800000, 0x0000000753a00000, 0x0000000753a00000|100%|HC|  |TAMS 0x0000000753800000| PB 0x0000000753800000| Complete 
| 669|0x0000000753a00000, 0x0000000753c00000, 0x0000000753c00000|100%|HC|  |TAMS 0x0000000753a00000| PB 0x0000000753a00000| Complete 
| 670|0x0000000753c00000, 0x0000000753e00000, 0x0000000753e00000|100%|HC|  |TAMS 0x0000000753c00000| PB 0x0000000753c00000| Complete 
| 671|0x0000000753e00000, 0x0000000754000000, 0x0000000754000000|100%|HC|  |TAMS 0x0000000753e00000| PB 0x0000000753e00000| Complete 
| 672|0x0000000754000000, 0x0000000754200000, 0x0000000754200000|100%|HC|  |TAMS 0x0000000754000000| PB 0x0000000754000000| Complete 
| 673|0x0000000754200000, 0x0000000754400000, 0x0000000754400000|100%|HC|  |TAMS 0x0000000754200000| PB 0x0000000754200000| Complete 
| 674|0x0000000754400000, 0x0000000754600000, 0x0000000754600000|100%|HC|  |TAMS 0x0000000754400000| PB 0x0000000754400000| Complete 
| 675|0x0000000754600000, 0x0000000754800000, 0x0000000754800000|100%|HC|  |TAMS 0x0000000754600000| PB 0x0000000754600000| Complete 
| 676|0x0000000754800000, 0x0000000754a00000, 0x0000000754a00000|100%|HC|  |TAMS 0x0000000754800000| PB 0x0000000754800000| Complete 
| 677|0x0000000754a00000, 0x0000000754c00000, 0x0000000754c00000|100%|HC|  |TAMS 0x0000000754a00000| PB 0x0000000754a00000| Complete 
| 678|0x0000000754c00000, 0x0000000754e00000, 0x0000000754e00000|100%|HC|  |TAMS 0x0000000754c00000| PB 0x0000000754c00000| Complete 
| 679|0x0000000754e00000, 0x0000000755000000, 0x0000000755000000|100%|HC|  |TAMS 0x0000000754e00000| PB 0x0000000754e00000| Complete 
| 680|0x0000000755000000, 0x0000000755200000, 0x0000000755200000|100%|HC|  |TAMS 0x0000000755000000| PB 0x0000000755000000| Complete 
| 681|0x0000000755200000, 0x0000000755400000, 0x0000000755400000|100%|HC|  |TAMS 0x0000000755200000| PB 0x0000000755200000| Complete 
| 682|0x0000000755400000, 0x0000000755600000, 0x0000000755600000|100%|HC|  |TAMS 0x0000000755400000| PB 0x0000000755400000| Complete 
| 683|0x0000000755600000, 0x0000000755800000, 0x0000000755800000|100%|HC|  |TAMS 0x0000000755600000| PB 0x0000000755600000| Complete 
| 684|0x0000000755800000, 0x0000000755a00000, 0x0000000755a00000|100%|HC|  |TAMS 0x0000000755800000| PB 0x0000000755800000| Complete 
| 685|0x0000000755a00000, 0x0000000755c00000, 0x0000000755c00000|100%|HC|  |TAMS 0x0000000755a00000| PB 0x0000000755a00000| Complete 
| 686|0x0000000755c00000, 0x0000000755e00000, 0x0000000755e00000|100%|HC|  |TAMS 0x0000000755c00000| PB 0x0000000755c00000| Complete 
| 687|0x0000000755e00000, 0x0000000756000000, 0x0000000756000000|100%|HC|  |TAMS 0x0000000755e00000| PB 0x0000000755e00000| Complete 
| 688|0x0000000756000000, 0x0000000756200000, 0x0000000756200000|100%|HC|  |TAMS 0x0000000756000000| PB 0x0000000756000000| Complete 
| 689|0x0000000756200000, 0x0000000756400000, 0x0000000756400000|100%|HC|  |TAMS 0x0000000756200000| PB 0x0000000756200000| Complete 
| 690|0x0000000756400000, 0x0000000756600000, 0x0000000756600000|100%|HC|  |TAMS 0x0000000756400000| PB 0x0000000756400000| Complete 
| 691|0x0000000756600000, 0x0000000756800000, 0x0000000756800000|100%|HC|  |TAMS 0x0000000756600000| PB 0x0000000756600000| Complete 
| 692|0x0000000756800000, 0x0000000756a00000, 0x0000000756a00000|100%|HC|  |TAMS 0x0000000756800000| PB 0x0000000756800000| Complete 
| 693|0x0000000756a00000, 0x0000000756c00000, 0x0000000756c00000|100%|HC|  |TAMS 0x0000000756a00000| PB 0x0000000756a00000| Complete 
| 694|0x0000000756c00000, 0x0000000756e00000, 0x0000000756e00000|100%|HC|  |TAMS 0x0000000756c00000| PB 0x0000000756c00000| Complete 
| 695|0x0000000756e00000, 0x0000000757000000, 0x0000000757000000|100%|HC|  |TAMS 0x0000000756e00000| PB 0x0000000756e00000| Complete 
| 696|0x0000000757000000, 0x0000000757200000, 0x0000000757200000|100%|HC|  |TAMS 0x0000000757000000| PB 0x0000000757000000| Complete 
| 697|0x0000000757200000, 0x0000000757400000, 0x0000000757400000|100%|HC|  |TAMS 0x0000000757200000| PB 0x0000000757200000| Complete 
| 698|0x0000000757400000, 0x0000000757600000, 0x0000000757600000|100%|HC|  |TAMS 0x0000000757400000| PB 0x0000000757400000| Complete 
| 699|0x0000000757600000, 0x0000000757800000, 0x0000000757800000|100%|HC|  |TAMS 0x0000000757600000| PB 0x0000000757600000| Complete 
| 700|0x0000000757800000, 0x0000000757a00000, 0x0000000757a00000|100%|HC|  |TAMS 0x0000000757800000| PB 0x0000000757800000| Complete 
| 701|0x0000000757a00000, 0x0000000757c00000, 0x0000000757c00000|100%|HC|  |TAMS 0x0000000757a00000| PB 0x0000000757a00000| Complete 
| 702|0x0000000757c00000, 0x0000000757e00000, 0x0000000757e00000|100%|HC|  |TAMS 0x0000000757c00000| PB 0x0000000757c00000| Complete 
| 703|0x0000000757e00000, 0x0000000758000000, 0x0000000758000000|100%|HC|  |TAMS 0x0000000757e00000| PB 0x0000000757e00000| Complete 
| 704|0x0000000758000000, 0x0000000758200000, 0x0000000758200000|100%|HC|  |TAMS 0x0000000758000000| PB 0x0000000758000000| Complete 
| 705|0x0000000758200000, 0x0000000758400000, 0x0000000758400000|100%|HC|  |TAMS 0x0000000758200000| PB 0x0000000758200000| Complete 
| 706|0x0000000758400000, 0x0000000758600000, 0x0000000758600000|100%|HC|  |TAMS 0x0000000758400000| PB 0x0000000758400000| Complete 
| 707|0x0000000758600000, 0x0000000758800000, 0x0000000758800000|100%|HC|  |TAMS 0x0000000758600000| PB 0x0000000758600000| Complete 
| 708|0x0000000758800000, 0x0000000758a00000, 0x0000000758a00000|100%|HC|  |TAMS 0x0000000758800000| PB 0x0000000758800000| Complete 
| 709|0x0000000758a00000, 0x0000000758c00000, 0x0000000758c00000|100%|HC|  |TAMS 0x0000000758a00000| PB 0x0000000758a00000| Complete 
| 710|0x0000000758c00000, 0x0000000758e00000, 0x0000000758e00000|100%|HC|  |TAMS 0x0000000758c00000| PB 0x0000000758c00000| Complete 
| 711|0x0000000758e00000, 0x0000000759000000, 0x0000000759000000|100%|HC|  |TAMS 0x0000000758e00000| PB 0x0000000758e00000| Complete 
| 712|0x0000000759000000, 0x0000000759200000, 0x0000000759200000|100%|HC|  |TAMS 0x0000000759000000| PB 0x0000000759000000| Complete 
| 713|0x0000000759200000, 0x0000000759400000, 0x0000000759400000|100%|HC|  |TAMS 0x0000000759200000| PB 0x0000000759200000| Complete 
| 714|0x0000000759400000, 0x0000000759600000, 0x0000000759600000|100%|HC|  |TAMS 0x0000000759400000| PB 0x0000000759400000| Complete 
| 715|0x0000000759600000, 0x0000000759800000, 0x0000000759800000|100%|HC|  |TAMS 0x0000000759600000| PB 0x0000000759600000| Complete 
| 716|0x0000000759800000, 0x0000000759a00000, 0x0000000759a00000|100%|HC|  |TAMS 0x0000000759800000| PB 0x0000000759800000| Complete 
| 717|0x0000000759a00000, 0x0000000759c00000, 0x0000000759c00000|100%|HC|  |TAMS 0x0000000759a00000| PB 0x0000000759a00000| Complete 
| 718|0x0000000759c00000, 0x0000000759e00000, 0x0000000759e00000|100%|HC|  |TAMS 0x0000000759c00000| PB 0x0000000759c00000| Complete 
| 719|0x0000000759e00000, 0x000000075a000000, 0x000000075a000000|100%|HC|  |TAMS 0x0000000759e00000| PB 0x0000000759e00000| Complete 
| 720|0x000000075a000000, 0x000000075a200000, 0x000000075a200000|100%|HC|  |TAMS 0x000000075a000000| PB 0x000000075a000000| Complete 
| 721|0x000000075a200000, 0x000000075a400000, 0x000000075a400000|100%|HC|  |TAMS 0x000000075a200000| PB 0x000000075a200000| Complete 
| 722|0x000000075a400000, 0x000000075a600000, 0x000000075a600000|100%|HC|  |TAMS 0x000000075a400000| PB 0x000000075a400000| Complete 
| 723|0x000000075a600000, 0x000000075a800000, 0x000000075a800000|100%|HC|  |TAMS 0x000000075a600000| PB 0x000000075a600000| Complete 
| 724|0x000000075a800000, 0x000000075aa00000, 0x000000075aa00000|100%|HC|  |TAMS 0x000000075a800000| PB 0x000000075a800000| Complete 
| 725|0x000000075aa00000, 0x000000075ac00000, 0x000000075ac00000|100%|HC|  |TAMS 0x000000075aa00000| PB 0x000000075aa00000| Complete 
| 726|0x000000075ac00000, 0x000000075ae00000, 0x000000075ae00000|100%|HC|  |TAMS 0x000000075ac00000| PB 0x000000075ac00000| Complete 
| 727|0x000000075ae00000, 0x000000075b000000, 0x000000075b000000|100%|HC|  |TAMS 0x000000075ae00000| PB 0x000000075ae00000| Complete 
| 728|0x000000075b000000, 0x000000075b200000, 0x000000075b200000|100%|HC|  |TAMS 0x000000075b000000| PB 0x000000075b000000| Complete 
| 729|0x000000075b200000, 0x000000075b400000, 0x000000075b400000|100%|HC|  |TAMS 0x000000075b200000| PB 0x000000075b200000| Complete 
| 730|0x000000075b400000, 0x000000075b600000, 0x000000075b600000|100%|HC|  |TAMS 0x000000075b400000| PB 0x000000075b400000| Complete 
| 731|0x000000075b600000, 0x000000075b800000, 0x000000075b800000|100%|HC|  |TAMS 0x000000075b600000| PB 0x000000075b600000| Complete 
| 732|0x000000075b800000, 0x000000075ba00000, 0x000000075ba00000|100%|HC|  |TAMS 0x000000075b800000| PB 0x000000075b800000| Complete 
| 733|0x000000075ba00000, 0x000000075bc00000, 0x000000075bc00000|100%|HC|  |TAMS 0x000000075ba00000| PB 0x000000075ba00000| Complete 
| 734|0x000000075bc00000, 0x000000075be00000, 0x000000075be00000|100%|HC|  |TAMS 0x000000075bc00000| PB 0x000000075bc00000| Complete 
| 735|0x000000075be00000, 0x000000075c000000, 0x000000075c000000|100%|HC|  |TAMS 0x000000075be00000| PB 0x000000075be00000| Complete 
| 736|0x000000075c000000, 0x000000075c200000, 0x000000075c200000|100%|HC|  |TAMS 0x000000075c000000| PB 0x000000075c000000| Complete 
| 737|0x000000075c200000, 0x000000075c400000, 0x000000075c400000|100%|HC|  |TAMS 0x000000075c200000| PB 0x000000075c200000| Complete 
| 738|0x000000075c400000, 0x000000075c600000, 0x000000075c600000|100%|HC|  |TAMS 0x000000075c400000| PB 0x000000075c400000| Complete 
| 739|0x000000075c600000, 0x000000075c800000, 0x000000075c800000|100%|HC|  |TAMS 0x000000075c600000| PB 0x000000075c600000| Complete 
| 740|0x000000075c800000, 0x000000075ca00000, 0x000000075ca00000|100%|HC|  |TAMS 0x000000075c800000| PB 0x000000075c800000| Complete 
| 741|0x000000075ca00000, 0x000000075cc00000, 0x000000075cc00000|100%|HC|  |TAMS 0x000000075ca00000| PB 0x000000075ca00000| Complete 
| 742|0x000000075cc00000, 0x000000075ce00000, 0x000000075ce00000|100%|HC|  |TAMS 0x000000075cc00000| PB 0x000000075cc00000| Complete 
| 743|0x000000075ce00000, 0x000000075d000000, 0x000000075d000000|100%|HC|  |TAMS 0x000000075ce00000| PB 0x000000075ce00000| Complete 
| 744|0x000000075d000000, 0x000000075d200000, 0x000000075d200000|100%|HC|  |TAMS 0x000000075d000000| PB 0x000000075d000000| Complete 
| 745|0x000000075d200000, 0x000000075d400000, 0x000000075d400000|100%|HS|  |TAMS 0x000000075d200000| PB 0x000000075d200000| Complete 
| 746|0x000000075d400000, 0x000000075d600000, 0x000000075d600000|100%|HC|  |TAMS 0x000000075d400000| PB 0x000000075d400000| Complete 
| 747|0x000000075d600000, 0x000000075d800000, 0x000000075d800000|100%|HC|  |TAMS 0x000000075d600000| PB 0x000000075d600000| Complete 
| 748|0x000000075d800000, 0x000000075da00000, 0x000000075da00000|100%|HC|  |TAMS 0x000000075d800000| PB 0x000000075d800000| Complete 
| 749|0x000000075da00000, 0x000000075dc00000, 0x000000075dc00000|100%|HC|  |TAMS 0x000000075da00000| PB 0x000000075da00000| Complete 
| 750|0x000000075dc00000, 0x000000075de00000, 0x000000075de00000|100%|HC|  |TAMS 0x000000075dc00000| PB 0x000000075dc00000| Complete 
| 751|0x000000075de00000, 0x000000075e000000, 0x000000075e000000|100%|HC|  |TAMS 0x000000075de00000| PB 0x000000075de00000| Complete 
| 752|0x000000075e000000, 0x000000075e200000, 0x000000075e200000|100%|HC|  |TAMS 0x000000075e000000| PB 0x000000075e000000| Complete 
| 753|0x000000075e200000, 0x000000075e400000, 0x000000075e400000|100%|HC|  |TAMS 0x000000075e200000| PB 0x000000075e200000| Complete 
| 754|0x000000075e400000, 0x000000075e600000, 0x000000075e600000|100%|HC|  |TAMS 0x000000075e400000| PB 0x000000075e400000| Complete 
| 755|0x000000075e600000, 0x000000075e800000, 0x000000075e800000|100%|HC|  |TAMS 0x000000075e600000| PB 0x000000075e600000| Complete 
| 756|0x000000075e800000, 0x000000075ea00000, 0x000000075ea00000|100%|HC|  |TAMS 0x000000075e800000| PB 0x000000075e800000| Complete 
| 757|0x000000075ea00000, 0x000000075ec00000, 0x000000075ec00000|100%|HC|  |TAMS 0x000000075ea00000| PB 0x000000075ea00000| Complete 
| 758|0x000000075ec00000, 0x000000075ee00000, 0x000000075ee00000|100%|HC|  |TAMS 0x000000075ec00000| PB 0x000000075ec00000| Complete 
| 759|0x000000075ee00000, 0x000000075f000000, 0x000000075f000000|100%|HC|  |TAMS 0x000000075ee00000| PB 0x000000075ee00000| Complete 
| 760|0x000000075f000000, 0x000000075f200000, 0x000000075f200000|100%|HC|  |TAMS 0x000000075f000000| PB 0x000000075f000000| Complete 
| 761|0x000000075f200000, 0x000000075f400000, 0x000000075f400000|100%|HC|  |TAMS 0x000000075f200000| PB 0x000000075f200000| Complete 
| 762|0x000000075f400000, 0x000000075f600000, 0x000000075f600000|100%|HC|  |TAMS 0x000000075f400000| PB 0x000000075f400000| Complete 
| 763|0x000000075f600000, 0x000000075f800000, 0x000000075f800000|100%|HC|  |TAMS 0x000000075f600000| PB 0x000000075f600000| Complete 
| 764|0x000000075f800000, 0x000000075fa00000, 0x000000075fa00000|100%|HC|  |TAMS 0x000000075f800000| PB 0x000000075f800000| Complete 
| 765|0x000000075fa00000, 0x000000075fc00000, 0x000000075fc00000|100%|HC|  |TAMS 0x000000075fa00000| PB 0x000000075fa00000| Complete 
| 766|0x000000075fc00000, 0x000000075fe00000, 0x000000075fe00000|100%|HC|  |TAMS 0x000000075fc00000| PB 0x000000075fc00000| Complete 
| 767|0x000000075fe00000, 0x0000000760000000, 0x0000000760000000|100%|HC|  |TAMS 0x000000075fe00000| PB 0x000000075fe00000| Complete 
| 768|0x0000000760000000, 0x0000000760200000, 0x0000000760200000|100%|HC|  |TAMS 0x0000000760000000| PB 0x0000000760000000| Complete 
| 769|0x0000000760200000, 0x0000000760400000, 0x0000000760400000|100%|HC|  |TAMS 0x0000000760200000| PB 0x0000000760200000| Complete 
| 770|0x0000000760400000, 0x0000000760600000, 0x0000000760600000|100%|HC|  |TAMS 0x0000000760400000| PB 0x0000000760400000| Complete 
| 771|0x0000000760600000, 0x0000000760800000, 0x0000000760800000|100%|HC|  |TAMS 0x0000000760600000| PB 0x0000000760600000| Complete 
| 772|0x0000000760800000, 0x0000000760a00000, 0x0000000760a00000|100%|HC|  |TAMS 0x0000000760800000| PB 0x0000000760800000| Complete 
| 773|0x0000000760a00000, 0x0000000760c00000, 0x0000000760c00000|100%|HC|  |TAMS 0x0000000760a00000| PB 0x0000000760a00000| Complete 
| 774|0x0000000760c00000, 0x0000000760e00000, 0x0000000760e00000|100%|HC|  |TAMS 0x0000000760c00000| PB 0x0000000760c00000| Complete 
| 775|0x0000000760e00000, 0x0000000761000000, 0x0000000761000000|100%|HC|  |TAMS 0x0000000760e00000| PB 0x0000000760e00000| Complete 
| 776|0x0000000761000000, 0x0000000761200000, 0x0000000761200000|100%|HC|  |TAMS 0x0000000761000000| PB 0x0000000761000000| Complete 
| 777|0x0000000761200000, 0x0000000761400000, 0x0000000761400000|100%|HC|  |TAMS 0x0000000761200000| PB 0x0000000761200000| Complete 
| 778|0x0000000761400000, 0x0000000761600000, 0x0000000761600000|100%|HC|  |TAMS 0x0000000761400000| PB 0x0000000761400000| Complete 
| 779|0x0000000761600000, 0x0000000761800000, 0x0000000761800000|100%|HC|  |TAMS 0x0000000761600000| PB 0x0000000761600000| Complete 
| 780|0x0000000761800000, 0x0000000761a00000, 0x0000000761a00000|100%|HC|  |TAMS 0x0000000761800000| PB 0x0000000761800000| Complete 
| 781|0x0000000761a00000, 0x0000000761c00000, 0x0000000761c00000|100%|HC|  |TAMS 0x0000000761a00000| PB 0x0000000761a00000| Complete 
| 782|0x0000000761c00000, 0x0000000761e00000, 0x0000000761e00000|100%|HC|  |TAMS 0x0000000761c00000| PB 0x0000000761c00000| Complete 
| 783|0x0000000761e00000, 0x0000000762000000, 0x0000000762000000|100%|HC|  |TAMS 0x0000000761e00000| PB 0x0000000761e00000| Complete 
| 784|0x0000000762000000, 0x0000000762200000, 0x0000000762200000|100%|HC|  |TAMS 0x0000000762000000| PB 0x0000000762000000| Complete 
| 785|0x0000000762200000, 0x0000000762400000, 0x0000000762400000|100%|HC|  |TAMS 0x0000000762200000| PB 0x0000000762200000| Complete 
| 786|0x0000000762400000, 0x0000000762600000, 0x0000000762600000|100%|HC|  |TAMS 0x0000000762400000| PB 0x0000000762400000| Complete 
| 787|0x0000000762600000, 0x0000000762800000, 0x0000000762800000|100%|HC|  |TAMS 0x0000000762600000| PB 0x0000000762600000| Complete 
| 788|0x0000000762800000, 0x0000000762a00000, 0x0000000762a00000|100%|HC|  |TAMS 0x0000000762800000| PB 0x0000000762800000| Complete 
| 789|0x0000000762a00000, 0x0000000762c00000, 0x0000000762c00000|100%|HC|  |TAMS 0x0000000762a00000| PB 0x0000000762a00000| Complete 
| 790|0x0000000762c00000, 0x0000000762e00000, 0x0000000762e00000|100%|HC|  |TAMS 0x0000000762c00000| PB 0x0000000762c00000| Complete 
| 791|0x0000000762e00000, 0x0000000763000000, 0x0000000763000000|100%|HC|  |TAMS 0x0000000762e00000| PB 0x0000000762e00000| Complete 
| 792|0x0000000763000000, 0x0000000763200000, 0x0000000763200000|100%|HC|  |TAMS 0x0000000763000000| PB 0x0000000763000000| Complete 
| 793|0x0000000763200000, 0x0000000763400000, 0x0000000763400000|100%|HC|  |TAMS 0x0000000763200000| PB 0x0000000763200000| Complete 
| 794|0x0000000763400000, 0x0000000763600000, 0x0000000763600000|100%|HC|  |TAMS 0x0000000763400000| PB 0x0000000763400000| Complete 
| 795|0x0000000763600000, 0x0000000763800000, 0x0000000763800000|100%|HC|  |TAMS 0x0000000763600000| PB 0x0000000763600000| Complete 
| 796|0x0000000763800000, 0x0000000763a00000, 0x0000000763a00000|100%|HC|  |TAMS 0x0000000763800000| PB 0x0000000763800000| Complete 
| 797|0x0000000763a00000, 0x0000000763c00000, 0x0000000763c00000|100%|HC|  |TAMS 0x0000000763a00000| PB 0x0000000763a00000| Complete 
| 798|0x0000000763c00000, 0x0000000763e00000, 0x0000000763e00000|100%|HC|  |TAMS 0x0000000763c00000| PB 0x0000000763c00000| Complete 
| 799|0x0000000763e00000, 0x0000000764000000, 0x0000000764000000|100%|HC|  |TAMS 0x0000000763e00000| PB 0x0000000763e00000| Complete 
| 800|0x0000000764000000, 0x0000000764200000, 0x0000000764200000|100%|HC|  |TAMS 0x0000000764000000| PB 0x0000000764000000| Complete 
| 801|0x0000000764200000, 0x0000000764400000, 0x0000000764400000|100%|HC|  |TAMS 0x0000000764200000| PB 0x0000000764200000| Complete 
| 802|0x0000000764400000, 0x0000000764600000, 0x0000000764600000|100%|HC|  |TAMS 0x0000000764400000| PB 0x0000000764400000| Complete 
| 803|0x0000000764600000, 0x0000000764800000, 0x0000000764800000|100%|HC|  |TAMS 0x0000000764600000| PB 0x0000000764600000| Complete 
| 804|0x0000000764800000, 0x0000000764a00000, 0x0000000764a00000|100%|HC|  |TAMS 0x0000000764800000| PB 0x0000000764800000| Complete 
| 805|0x0000000764a00000, 0x0000000764c00000, 0x0000000764c00000|100%|HC|  |TAMS 0x0000000764a00000| PB 0x0000000764a00000| Complete 
| 806|0x0000000764c00000, 0x0000000764e00000, 0x0000000764e00000|100%|HC|  |TAMS 0x0000000764c00000| PB 0x0000000764c00000| Complete 
| 807|0x0000000764e00000, 0x0000000765000000, 0x0000000765000000|100%|HC|  |TAMS 0x0000000764e00000| PB 0x0000000764e00000| Complete 
| 808|0x0000000765000000, 0x0000000765200000, 0x0000000765200000|100%|HC|  |TAMS 0x0000000765000000| PB 0x0000000765000000| Complete 
| 809|0x0000000765200000, 0x0000000765400000, 0x0000000765400000|100%|HC|  |TAMS 0x0000000765200000| PB 0x0000000765200000| Complete 
| 810|0x0000000765400000, 0x0000000765600000, 0x0000000765600000|100%|HC|  |TAMS 0x0000000765400000| PB 0x0000000765400000| Complete 
| 811|0x0000000765600000, 0x0000000765800000, 0x0000000765800000|100%|HC|  |TAMS 0x0000000765600000| PB 0x0000000765600000| Complete 
| 812|0x0000000765800000, 0x0000000765a00000, 0x0000000765a00000|100%|HC|  |TAMS 0x0000000765800000| PB 0x0000000765800000| Complete 
| 813|0x0000000765a00000, 0x0000000765c00000, 0x0000000765c00000|100%|HC|  |TAMS 0x0000000765a00000| PB 0x0000000765a00000| Complete 
| 814|0x0000000765c00000, 0x0000000765e00000, 0x0000000765e00000|100%|HC|  |TAMS 0x0000000765c00000| PB 0x0000000765c00000| Complete 
| 815|0x0000000765e00000, 0x0000000766000000, 0x0000000766000000|100%|HC|  |TAMS 0x0000000765e00000| PB 0x0000000765e00000| Complete 
| 816|0x0000000766000000, 0x0000000766200000, 0x0000000766200000|100%|HC|  |TAMS 0x0000000766000000| PB 0x0000000766000000| Complete 
| 817|0x0000000766200000, 0x0000000766400000, 0x0000000766400000|100%|HC|  |TAMS 0x0000000766200000| PB 0x0000000766200000| Complete 
| 818|0x0000000766400000, 0x0000000766600000, 0x0000000766600000|100%|HC|  |TAMS 0x0000000766400000| PB 0x0000000766400000| Complete 
| 819|0x0000000766600000, 0x0000000766800000, 0x0000000766800000|100%|HC|  |TAMS 0x0000000766600000| PB 0x0000000766600000| Complete 
| 820|0x0000000766800000, 0x0000000766a00000, 0x0000000766a00000|100%|HC|  |TAMS 0x0000000766800000| PB 0x0000000766800000| Complete 
| 821|0x0000000766a00000, 0x0000000766c00000, 0x0000000766c00000|100%|HC|  |TAMS 0x0000000766a00000| PB 0x0000000766a00000| Complete 
| 822|0x0000000766c00000, 0x0000000766e00000, 0x0000000766e00000|100%|HC|  |TAMS 0x0000000766c00000| PB 0x0000000766c00000| Complete 
| 823|0x0000000766e00000, 0x0000000767000000, 0x0000000767000000|100%|HC|  |TAMS 0x0000000766e00000| PB 0x0000000766e00000| Complete 
| 824|0x0000000767000000, 0x0000000767200000, 0x0000000767200000|100%|HS|  |TAMS 0x0000000767000000| PB 0x0000000767000000| Complete 
| 825|0x0000000767200000, 0x0000000767400000, 0x0000000767400000|100%|HC|  |TAMS 0x0000000767200000| PB 0x0000000767200000| Complete 
| 826|0x0000000767400000, 0x0000000767600000, 0x0000000767600000|100%|HC|  |TAMS 0x0000000767400000| PB 0x0000000767400000| Complete 
| 827|0x0000000767600000, 0x0000000767800000, 0x0000000767800000|100%|HC|  |TAMS 0x0000000767600000| PB 0x0000000767600000| Complete 
| 828|0x0000000767800000, 0x0000000767a00000, 0x0000000767a00000|100%|HC|  |TAMS 0x0000000767800000| PB 0x0000000767800000| Complete 
| 829|0x0000000767a00000, 0x0000000767c00000, 0x0000000767c00000|100%|HC|  |TAMS 0x0000000767a00000| PB 0x0000000767a00000| Complete 
| 830|0x0000000767c00000, 0x0000000767e00000, 0x0000000767e00000|100%|HC|  |TAMS 0x0000000767c00000| PB 0x0000000767c00000| Complete 
| 831|0x0000000767e00000, 0x0000000768000000, 0x0000000768000000|100%|HC|  |TAMS 0x0000000767e00000| PB 0x0000000767e00000| Complete 
| 832|0x0000000768000000, 0x0000000768200000, 0x0000000768200000|100%|HC|  |TAMS 0x0000000768000000| PB 0x0000000768000000| Complete 
| 833|0x0000000768200000, 0x0000000768400000, 0x0000000768400000|100%|HC|  |TAMS 0x0000000768200000| PB 0x0000000768200000| Complete 
| 834|0x0000000768400000, 0x0000000768600000, 0x0000000768600000|100%|HC|  |TAMS 0x0000000768400000| PB 0x0000000768400000| Complete 
| 835|0x0000000768600000, 0x0000000768800000, 0x0000000768800000|100%|HC|  |TAMS 0x0000000768600000| PB 0x0000000768600000| Complete 
| 836|0x0000000768800000, 0x0000000768a00000, 0x0000000768a00000|100%|HC|  |TAMS 0x0000000768800000| PB 0x0000000768800000| Complete 
| 837|0x0000000768a00000, 0x0000000768c00000, 0x0000000768c00000|100%|HC|  |TAMS 0x0000000768a00000| PB 0x0000000768a00000| Complete 
| 838|0x0000000768c00000, 0x0000000768e00000, 0x0000000768e00000|100%|HC|  |TAMS 0x0000000768c00000| PB 0x0000000768c00000| Complete 
| 839|0x0000000768e00000, 0x0000000769000000, 0x0000000769000000|100%|HC|  |TAMS 0x0000000768e00000| PB 0x0000000768e00000| Complete 
| 840|0x0000000769000000, 0x0000000769200000, 0x0000000769200000|100%|HC|  |TAMS 0x0000000769000000| PB 0x0000000769000000| Complete 
| 841|0x0000000769200000, 0x0000000769400000, 0x0000000769400000|100%|HC|  |TAMS 0x0000000769200000| PB 0x0000000769200000| Complete 
| 842|0x0000000769400000, 0x0000000769600000, 0x0000000769600000|100%|HC|  |TAMS 0x0000000769400000| PB 0x0000000769400000| Complete 
| 843|0x0000000769600000, 0x0000000769800000, 0x0000000769800000|100%|HC|  |TAMS 0x0000000769600000| PB 0x0000000769600000| Complete 
| 844|0x0000000769800000, 0x0000000769a00000, 0x0000000769a00000|100%|HS|  |TAMS 0x0000000769800000| PB 0x0000000769800000| Complete 
| 845|0x0000000769a00000, 0x0000000769c00000, 0x0000000769c00000|100%|HC|  |TAMS 0x0000000769a00000| PB 0x0000000769a00000| Complete 
| 846|0x0000000769c00000, 0x0000000769e00000, 0x0000000769e00000|100%|HC|  |TAMS 0x0000000769c00000| PB 0x0000000769c00000| Complete 
| 847|0x0000000769e00000, 0x000000076a000000, 0x000000076a000000|100%|HC|  |TAMS 0x0000000769e00000| PB 0x0000000769e00000| Complete 
| 848|0x000000076a000000, 0x000000076a200000, 0x000000076a200000|100%|HC|  |TAMS 0x000000076a000000| PB 0x000000076a000000| Complete 
| 849|0x000000076a200000, 0x000000076a400000, 0x000000076a400000|100%|HS|  |TAMS 0x000000076a200000| PB 0x000000076a200000| Complete 
| 850|0x000000076a400000, 0x000000076a600000, 0x000000076a600000|100%|HC|  |TAMS 0x000000076a400000| PB 0x000000076a400000| Complete 
| 851|0x000000076a600000, 0x000000076a800000, 0x000000076a800000|100%|HC|  |TAMS 0x000000076a600000| PB 0x000000076a600000| Complete 
| 852|0x000000076a800000, 0x000000076aa00000, 0x000000076aa00000|100%|HC|  |TAMS 0x000000076a800000| PB 0x000000076a800000| Complete 
| 853|0x000000076aa00000, 0x000000076ac00000, 0x000000076ac00000|100%|HC|  |TAMS 0x000000076aa00000| PB 0x000000076aa00000| Complete 
| 854|0x000000076ac00000, 0x000000076ae00000, 0x000000076ae00000|100%|HC|  |TAMS 0x000000076ac00000| PB 0x000000076ac00000| Complete 
| 855|0x000000076ae00000, 0x000000076b000000, 0x000000076b000000|100%|HC|  |TAMS 0x000000076ae00000| PB 0x000000076ae00000| Complete 
| 856|0x000000076b000000, 0x000000076b200000, 0x000000076b200000|100%|HC|  |TAMS 0x000000076b000000| PB 0x000000076b000000| Complete 
| 857|0x000000076b200000, 0x000000076b400000, 0x000000076b400000|100%|HC|  |TAMS 0x000000076b200000| PB 0x000000076b200000| Complete 
| 858|0x000000076b400000, 0x000000076b600000, 0x000000076b600000|100%|HS|  |TAMS 0x000000076b400000| PB 0x000000076b400000| Complete 
| 859|0x000000076b600000, 0x000000076b800000, 0x000000076b800000|100%|HC|  |TAMS 0x000000076b600000| PB 0x000000076b600000| Complete 
| 860|0x000000076b800000, 0x000000076ba00000, 0x000000076ba00000|100%|HC|  |TAMS 0x000000076b800000| PB 0x000000076b800000| Complete 
| 861|0x000000076ba00000, 0x000000076bc00000, 0x000000076bc00000|100%|HC|  |TAMS 0x000000076ba00000| PB 0x000000076ba00000| Complete 
| 862|0x000000076bc00000, 0x000000076be00000, 0x000000076be00000|100%|HC|  |TAMS 0x000000076bc00000| PB 0x000000076bc00000| Complete 
| 863|0x000000076be00000, 0x000000076c000000, 0x000000076c000000|100%|HC|  |TAMS 0x000000076be00000| PB 0x000000076be00000| Complete 
| 864|0x000000076c000000, 0x000000076c200000, 0x000000076c200000|100%|HC|  |TAMS 0x000000076c000000| PB 0x000000076c000000| Complete 
| 865|0x000000076c200000, 0x000000076c400000, 0x000000076c400000|100%|HC|  |TAMS 0x000000076c200000| PB 0x000000076c200000| Complete 
| 866|0x000000076c400000, 0x000000076c600000, 0x000000076c600000|100%|HC|  |TAMS 0x000000076c400000| PB 0x000000076c400000| Complete 
| 867|0x000000076c600000, 0x000000076c800000, 0x000000076c800000|100%|HC|  |TAMS 0x000000076c600000| PB 0x000000076c600000| Complete 
| 868|0x000000076c800000, 0x000000076ca00000, 0x000000076ca00000|100%|HC|  |TAMS 0x000000076c800000| PB 0x000000076c800000| Complete 
| 869|0x000000076ca00000, 0x000000076cc00000, 0x000000076cc00000|100%|HC|  |TAMS 0x000000076ca00000| PB 0x000000076ca00000| Complete 
| 870|0x000000076cc00000, 0x000000076ce00000, 0x000000076ce00000|100%|HC|  |TAMS 0x000000076cc00000| PB 0x000000076cc00000| Complete 
| 871|0x000000076ce00000, 0x000000076d000000, 0x000000076d000000|100%|HC|  |TAMS 0x000000076ce00000| PB 0x000000076ce00000| Complete 
| 872|0x000000076d000000, 0x000000076d200000, 0x000000076d200000|100%|HC|  |TAMS 0x000000076d000000| PB 0x000000076d000000| Complete 
| 873|0x000000076d200000, 0x000000076d400000, 0x000000076d400000|100%|HC|  |TAMS 0x000000076d200000| PB 0x000000076d200000| Complete 
| 874|0x000000076d400000, 0x000000076d600000, 0x000000076d600000|100%|HC|  |TAMS 0x000000076d400000| PB 0x000000076d400000| Complete 
| 875|0x000000076d600000, 0x000000076d800000, 0x000000076d800000|100%|HS|  |TAMS 0x000000076d600000| PB 0x000000076d600000| Complete 
| 876|0x000000076d800000, 0x000000076da00000, 0x000000076da00000|100%|HC|  |TAMS 0x000000076d800000| PB 0x000000076d800000| Complete 
| 877|0x000000076da00000, 0x000000076dc00000, 0x000000076dc00000|100%|HC|  |TAMS 0x000000076da00000| PB 0x000000076da00000| Complete 
| 878|0x000000076dc00000, 0x000000076de00000, 0x000000076de00000|100%|HC|  |TAMS 0x000000076dc00000| PB 0x000000076dc00000| Complete 
| 879|0x000000076de00000, 0x000000076e000000, 0x000000076e000000|100%|HC|  |TAMS 0x000000076de00000| PB 0x000000076de00000| Complete 
| 880|0x000000076e000000, 0x000000076e200000, 0x000000076e200000|100%|HC|  |TAMS 0x000000076e000000| PB 0x000000076e000000| Complete 
| 881|0x000000076e200000, 0x000000076e400000, 0x000000076e400000|100%|HC|  |TAMS 0x000000076e200000| PB 0x000000076e200000| Complete 
| 882|0x000000076e400000, 0x000000076e600000, 0x000000076e600000|100%|HC|  |TAMS 0x000000076e400000| PB 0x000000076e400000| Complete 
| 883|0x000000076e600000, 0x000000076e800000, 0x000000076e800000|100%|HC|  |TAMS 0x000000076e600000| PB 0x000000076e600000| Complete 
| 884|0x000000076e800000, 0x000000076ea00000, 0x000000076ea00000|100%|HC|  |TAMS 0x000000076e800000| PB 0x000000076e800000| Complete 
| 885|0x000000076ea00000, 0x000000076ec00000, 0x000000076ec00000|100%|HC|  |TAMS 0x000000076ea00000| PB 0x000000076ea00000| Complete 
| 886|0x000000076ec00000, 0x000000076ee00000, 0x000000076ee00000|100%|HC|  |TAMS 0x000000076ec00000| PB 0x000000076ec00000| Complete 
| 887|0x000000076ee00000, 0x000000076f000000, 0x000000076f000000|100%|HC|  |TAMS 0x000000076ee00000| PB 0x000000076ee00000| Complete 
| 888|0x000000076f000000, 0x000000076f200000, 0x000000076f200000|100%|HC|  |TAMS 0x000000076f000000| PB 0x000000076f000000| Complete 
| 889|0x000000076f200000, 0x000000076f400000, 0x000000076f400000|100%|HC|  |TAMS 0x000000076f200000| PB 0x000000076f200000| Complete 
| 890|0x000000076f400000, 0x000000076f600000, 0x000000076f600000|100%|HC|  |TAMS 0x000000076f400000| PB 0x000000076f400000| Complete 
| 891|0x000000076f600000, 0x000000076f800000, 0x000000076f800000|100%|HC|  |TAMS 0x000000076f600000| PB 0x000000076f600000| Complete 
| 892|0x000000076f800000, 0x000000076fa00000, 0x000000076fa00000|100%|HC|  |TAMS 0x000000076f800000| PB 0x000000076f800000| Complete 
| 893|0x000000076fa00000, 0x000000076fc00000, 0x000000076fc00000|100%|HC|  |TAMS 0x000000076fa00000| PB 0x000000076fa00000| Complete 
| 894|0x000000076fc00000, 0x000000076fe00000, 0x000000076fe00000|100%|HC|  |TAMS 0x000000076fc00000| PB 0x000000076fc00000| Complete 
| 895|0x000000076fe00000, 0x0000000770000000, 0x0000000770000000|100%|HC|  |TAMS 0x000000076fe00000| PB 0x000000076fe00000| Complete 
| 896|0x0000000770000000, 0x0000000770200000, 0x0000000770200000|100%|HC|  |TAMS 0x0000000770000000| PB 0x0000000770000000| Complete 
| 897|0x0000000770200000, 0x0000000770400000, 0x0000000770400000|100%|HC|  |TAMS 0x0000000770200000| PB 0x0000000770200000| Complete 
| 898|0x0000000770400000, 0x0000000770600000, 0x0000000770600000|100%|HC|  |TAMS 0x0000000770400000| PB 0x0000000770400000| Complete 
| 899|0x0000000770600000, 0x0000000770800000, 0x0000000770800000|100%|HC|  |TAMS 0x0000000770600000| PB 0x0000000770600000| Complete 
| 900|0x0000000770800000, 0x0000000770a00000, 0x0000000770a00000|100%|HC|  |TAMS 0x0000000770800000| PB 0x0000000770800000| Complete 
| 901|0x0000000770a00000, 0x0000000770c00000, 0x0000000770c00000|100%|HC|  |TAMS 0x0000000770a00000| PB 0x0000000770a00000| Complete 
| 902|0x0000000770c00000, 0x0000000770e00000, 0x0000000770e00000|100%|HC|  |TAMS 0x0000000770c00000| PB 0x0000000770c00000| Complete 
| 903|0x0000000770e00000, 0x0000000771000000, 0x0000000771000000|100%|HC|  |TAMS 0x0000000770e00000| PB 0x0000000770e00000| Complete 
| 904|0x0000000771000000, 0x0000000771200000, 0x0000000771200000|100%|HC|  |TAMS 0x0000000771000000| PB 0x0000000771000000| Complete 
| 905|0x0000000771200000, 0x0000000771400000, 0x0000000771400000|100%|HC|  |TAMS 0x0000000771200000| PB 0x0000000771200000| Complete 
| 906|0x0000000771400000, 0x0000000771600000, 0x0000000771600000|100%|HC|  |TAMS 0x0000000771400000| PB 0x0000000771400000| Complete 
| 907|0x0000000771600000, 0x0000000771800000, 0x0000000771800000|100%|HC|  |TAMS 0x0000000771600000| PB 0x0000000771600000| Complete 
| 908|0x0000000771800000, 0x0000000771a00000, 0x0000000771a00000|100%|HS|  |TAMS 0x0000000771800000| PB 0x0000000771800000| Complete 
| 909|0x0000000771a00000, 0x0000000771c00000, 0x0000000771c00000|100%|HC|  |TAMS 0x0000000771a00000| PB 0x0000000771a00000| Complete 
| 910|0x0000000771c00000, 0x0000000771e00000, 0x0000000771e00000|100%|HC|  |TAMS 0x0000000771c00000| PB 0x0000000771c00000| Complete 
| 911|0x0000000771e00000, 0x0000000772000000, 0x0000000772000000|100%|HC|  |TAMS 0x0000000771e00000| PB 0x0000000771e00000| Complete 
| 912|0x0000000772000000, 0x0000000772200000, 0x0000000772200000|100%|HC|  |TAMS 0x0000000772000000| PB 0x0000000772000000| Complete 
| 913|0x0000000772200000, 0x0000000772400000, 0x0000000772400000|100%|HC|  |TAMS 0x0000000772200000| PB 0x0000000772200000| Complete 
| 914|0x0000000772400000, 0x0000000772600000, 0x0000000772600000|100%|HC|  |TAMS 0x0000000772400000| PB 0x0000000772400000| Complete 
| 915|0x0000000772600000, 0x0000000772800000, 0x0000000772800000|100%|HC|  |TAMS 0x0000000772600000| PB 0x0000000772600000| Complete 
| 916|0x0000000772800000, 0x0000000772a00000, 0x0000000772a00000|100%|HC|  |TAMS 0x0000000772800000| PB 0x0000000772800000| Complete 
| 917|0x0000000772a00000, 0x0000000772c00000, 0x0000000772c00000|100%|HC|  |TAMS 0x0000000772a00000| PB 0x0000000772a00000| Complete 
| 918|0x0000000772c00000, 0x0000000772e00000, 0x0000000772e00000|100%|HC|  |TAMS 0x0000000772c00000| PB 0x0000000772c00000| Complete 
| 919|0x0000000772e00000, 0x0000000773000000, 0x0000000773000000|100%|HC|  |TAMS 0x0000000772e00000| PB 0x0000000772e00000| Complete 
| 920|0x0000000773000000, 0x0000000773200000, 0x0000000773200000|100%|HC|  |TAMS 0x0000000773000000| PB 0x0000000773000000| Complete 
| 921|0x0000000773200000, 0x0000000773400000, 0x0000000773400000|100%|HC|  |TAMS 0x0000000773200000| PB 0x0000000773200000| Complete 
| 922|0x0000000773400000, 0x0000000773600000, 0x0000000773600000|100%|HC|  |TAMS 0x0000000773400000| PB 0x0000000773400000| Complete 
| 923|0x0000000773600000, 0x0000000773800000, 0x0000000773800000|100%|HC|  |TAMS 0x0000000773600000| PB 0x0000000773600000| Complete 
| 924|0x0000000773800000, 0x0000000773a00000, 0x0000000773a00000|100%|HC|  |TAMS 0x0000000773800000| PB 0x0000000773800000| Complete 
| 925|0x0000000773a00000, 0x0000000773c00000, 0x0000000773c00000|100%|HC|  |TAMS 0x0000000773a00000| PB 0x0000000773a00000| Complete 
| 926|0x0000000773c00000, 0x0000000773e00000, 0x0000000773e00000|100%|HC|  |TAMS 0x0000000773c00000| PB 0x0000000773c00000| Complete 
| 927|0x0000000773e00000, 0x0000000774000000, 0x0000000774000000|100%|HC|  |TAMS 0x0000000773e00000| PB 0x0000000773e00000| Complete 
| 928|0x0000000774000000, 0x0000000774200000, 0x0000000774200000|100%|HC|  |TAMS 0x0000000774000000| PB 0x0000000774000000| Complete 
| 929|0x0000000774200000, 0x0000000774400000, 0x0000000774400000|100%|HC|  |TAMS 0x0000000774200000| PB 0x0000000774200000| Complete 
| 930|0x0000000774400000, 0x0000000774600000, 0x0000000774600000|100%|HC|  |TAMS 0x0000000774400000| PB 0x0000000774400000| Complete 
| 931|0x0000000774600000, 0x0000000774800000, 0x0000000774800000|100%|HC|  |TAMS 0x0000000774600000| PB 0x0000000774600000| Complete 
| 932|0x0000000774800000, 0x0000000774a00000, 0x0000000774a00000|100%|HC|  |TAMS 0x0000000774800000| PB 0x0000000774800000| Complete 
| 933|0x0000000774a00000, 0x0000000774c00000, 0x0000000774c00000|100%|HC|  |TAMS 0x0000000774a00000| PB 0x0000000774a00000| Complete 
| 934|0x0000000774c00000, 0x0000000774e00000, 0x0000000774e00000|100%|HC|  |TAMS 0x0000000774c00000| PB 0x0000000774c00000| Complete 
| 935|0x0000000774e00000, 0x0000000775000000, 0x0000000775000000|100%|HC|  |TAMS 0x0000000774e00000| PB 0x0000000774e00000| Complete 
| 936|0x0000000775000000, 0x0000000775200000, 0x0000000775200000|100%|HC|  |TAMS 0x0000000775000000| PB 0x0000000775000000| Complete 
| 937|0x0000000775200000, 0x0000000775400000, 0x0000000775400000|100%|HC|  |TAMS 0x0000000775200000| PB 0x0000000775200000| Complete 
| 938|0x0000000775400000, 0x0000000775600000, 0x0000000775600000|100%|HC|  |TAMS 0x0000000775400000| PB 0x0000000775400000| Complete 
| 939|0x0000000775600000, 0x0000000775800000, 0x0000000775800000|100%|HC|  |TAMS 0x0000000775600000| PB 0x0000000775600000| Complete 
| 940|0x0000000775800000, 0x0000000775a00000, 0x0000000775a00000|100%|HC|  |TAMS 0x0000000775800000| PB 0x0000000775800000| Complete 
| 941|0x0000000775a00000, 0x0000000775c00000, 0x0000000775c00000|100%|HC|  |TAMS 0x0000000775a00000| PB 0x0000000775a00000| Complete 
| 942|0x0000000775c00000, 0x0000000775e00000, 0x0000000775e00000|100%|HC|  |TAMS 0x0000000775c00000| PB 0x0000000775c00000| Complete 
| 943|0x0000000775e00000, 0x0000000776000000, 0x0000000776000000|100%|HC|  |TAMS 0x0000000775e00000| PB 0x0000000775e00000| Complete 
| 944|0x0000000776000000, 0x0000000776200000, 0x0000000776200000|100%|HC|  |TAMS 0x0000000776000000| PB 0x0000000776000000| Complete 
| 945|0x0000000776200000, 0x0000000776400000, 0x0000000776400000|100%|HC|  |TAMS 0x0000000776200000| PB 0x0000000776200000| Complete 
| 946|0x0000000776400000, 0x0000000776600000, 0x0000000776600000|100%|HC|  |TAMS 0x0000000776400000| PB 0x0000000776400000| Complete 
| 947|0x0000000776600000, 0x0000000776800000, 0x0000000776800000|100%|HC|  |TAMS 0x0000000776600000| PB 0x0000000776600000| Complete 
| 948|0x0000000776800000, 0x0000000776a00000, 0x0000000776a00000|100%|HC|  |TAMS 0x0000000776800000| PB 0x0000000776800000| Complete 
| 949|0x0000000776a00000, 0x0000000776c00000, 0x0000000776c00000|100%|HC|  |TAMS 0x0000000776a00000| PB 0x0000000776a00000| Complete 
| 950|0x0000000776c00000, 0x0000000776e00000, 0x0000000776e00000|100%|HC|  |TAMS 0x0000000776c00000| PB 0x0000000776c00000| Complete 
| 951|0x0000000776e00000, 0x0000000777000000, 0x0000000777000000|100%|HC|  |TAMS 0x0000000776e00000| PB 0x0000000776e00000| Complete 
| 952|0x0000000777000000, 0x0000000777200000, 0x0000000777200000|100%|HC|  |TAMS 0x0000000777000000| PB 0x0000000777000000| Complete 
| 953|0x0000000777200000, 0x0000000777400000, 0x0000000777400000|100%|HC|  |TAMS 0x0000000777200000| PB 0x0000000777200000| Complete 
| 954|0x0000000777400000, 0x0000000777600000, 0x0000000777600000|100%|HC|  |TAMS 0x0000000777400000| PB 0x0000000777400000| Complete 
| 955|0x0000000777600000, 0x0000000777800000, 0x0000000777800000|100%|HC|  |TAMS 0x0000000777600000| PB 0x0000000777600000| Complete 
| 956|0x0000000777800000, 0x0000000777a00000, 0x0000000777a00000|100%|HC|  |TAMS 0x0000000777800000| PB 0x0000000777800000| Complete 
| 957|0x0000000777a00000, 0x0000000777c00000, 0x0000000777c00000|100%|HC|  |TAMS 0x0000000777a00000| PB 0x0000000777a00000| Complete 
| 958|0x0000000777c00000, 0x0000000777e00000, 0x0000000777e00000|100%|HC|  |TAMS 0x0000000777c00000| PB 0x0000000777c00000| Complete 
| 959|0x0000000777e00000, 0x0000000778000000, 0x0000000778000000|100%|HC|  |TAMS 0x0000000777e00000| PB 0x0000000777e00000| Complete 
| 960|0x0000000778000000, 0x0000000778200000, 0x0000000778200000|100%|HC|  |TAMS 0x0000000778000000| PB 0x0000000778000000| Complete 
| 961|0x0000000778200000, 0x0000000778400000, 0x0000000778400000|100%|HC|  |TAMS 0x0000000778200000| PB 0x0000000778200000| Complete 
| 962|0x0000000778400000, 0x0000000778600000, 0x0000000778600000|100%|HC|  |TAMS 0x0000000778400000| PB 0x0000000778400000| Complete 
| 963|0x0000000778600000, 0x0000000778800000, 0x0000000778800000|100%|HC|  |TAMS 0x0000000778600000| PB 0x0000000778600000| Complete 
| 964|0x0000000778800000, 0x0000000778a00000, 0x0000000778a00000|100%|HC|  |TAMS 0x0000000778800000| PB 0x0000000778800000| Complete 
| 965|0x0000000778a00000, 0x0000000778c00000, 0x0000000778c00000|100%|HC|  |TAMS 0x0000000778a00000| PB 0x0000000778a00000| Complete 
| 966|0x0000000778c00000, 0x0000000778e00000, 0x0000000778e00000|100%|HC|  |TAMS 0x0000000778c00000| PB 0x0000000778c00000| Complete 
| 967|0x0000000778e00000, 0x0000000779000000, 0x0000000779000000|100%|HC|  |TAMS 0x0000000778e00000| PB 0x0000000778e00000| Complete 
| 968|0x0000000779000000, 0x0000000779200000, 0x0000000779200000|100%|HC|  |TAMS 0x0000000779000000| PB 0x0000000779000000| Complete 
| 969|0x0000000779200000, 0x0000000779400000, 0x0000000779400000|100%|HC|  |TAMS 0x0000000779200000| PB 0x0000000779200000| Complete 
| 970|0x0000000779400000, 0x0000000779600000, 0x0000000779600000|100%|HC|  |TAMS 0x0000000779400000| PB 0x0000000779400000| Complete 
| 971|0x0000000779600000, 0x0000000779800000, 0x0000000779800000|100%|HC|  |TAMS 0x0000000779600000| PB 0x0000000779600000| Complete 
| 972|0x0000000779800000, 0x0000000779a00000, 0x0000000779a00000|100%|HC|  |TAMS 0x0000000779800000| PB 0x0000000779800000| Complete 
| 973|0x0000000779a00000, 0x0000000779c00000, 0x0000000779c00000|100%|HS|  |TAMS 0x0000000779a00000| PB 0x0000000779a00000| Complete 
| 974|0x0000000779c00000, 0x0000000779e00000, 0x0000000779e00000|100%|HC|  |TAMS 0x0000000779c00000| PB 0x0000000779c00000| Complete 
| 975|0x0000000779e00000, 0x000000077a000000, 0x000000077a000000|100%|HC|  |TAMS 0x0000000779e00000| PB 0x0000000779e00000| Complete 
| 976|0x000000077a000000, 0x000000077a200000, 0x000000077a200000|100%|HC|  |TAMS 0x000000077a000000| PB 0x000000077a000000| Complete 
| 977|0x000000077a200000, 0x000000077a400000, 0x000000077a400000|100%|HC|  |TAMS 0x000000077a200000| PB 0x000000077a200000| Complete 
| 978|0x000000077a400000, 0x000000077a600000, 0x000000077a600000|100%|HC|  |TAMS 0x000000077a400000| PB 0x000000077a400000| Complete 
| 979|0x000000077a600000, 0x000000077a800000, 0x000000077a800000|100%|HC|  |TAMS 0x000000077a600000| PB 0x000000077a600000| Complete 
| 980|0x000000077a800000, 0x000000077aa00000, 0x000000077aa00000|100%|HC|  |TAMS 0x000000077a800000| PB 0x000000077a800000| Complete 
| 981|0x000000077aa00000, 0x000000077ac00000, 0x000000077ac00000|100%|HC|  |TAMS 0x000000077aa00000| PB 0x000000077aa00000| Complete 
| 982|0x000000077ac00000, 0x000000077ae00000, 0x000000077ae00000|100%|HC|  |TAMS 0x000000077ac00000| PB 0x000000077ac00000| Complete 
| 983|0x000000077ae00000, 0x000000077b000000, 0x000000077b000000|100%|HC|  |TAMS 0x000000077ae00000| PB 0x000000077ae00000| Complete 
| 984|0x000000077b000000, 0x000000077b200000, 0x000000077b200000|100%|HC|  |TAMS 0x000000077b000000| PB 0x000000077b000000| Complete 
| 985|0x000000077b200000, 0x000000077b400000, 0x000000077b400000|100%|HC|  |TAMS 0x000000077b200000| PB 0x000000077b200000| Complete 
| 986|0x000000077b400000, 0x000000077b600000, 0x000000077b600000|100%|HC|  |TAMS 0x000000077b400000| PB 0x000000077b400000| Complete 
| 987|0x000000077b600000, 0x000000077b800000, 0x000000077b800000|100%|HC|  |TAMS 0x000000077b600000| PB 0x000000077b600000| Complete 
| 988|0x000000077b800000, 0x000000077ba00000, 0x000000077ba00000|100%|HC|  |TAMS 0x000000077b800000| PB 0x000000077b800000| Complete 
| 989|0x000000077ba00000, 0x000000077bc00000, 0x000000077bc00000|100%|HC|  |TAMS 0x000000077ba00000| PB 0x000000077ba00000| Complete 
| 990|0x000000077bc00000, 0x000000077be00000, 0x000000077be00000|100%|HC|  |TAMS 0x000000077bc00000| PB 0x000000077bc00000| Complete 
| 991|0x000000077be00000, 0x000000077c000000, 0x000000077c000000|100%|HC|  |TAMS 0x000000077be00000| PB 0x000000077be00000| Complete 
| 992|0x000000077c000000, 0x000000077c200000, 0x000000077c200000|100%|HC|  |TAMS 0x000000077c000000| PB 0x000000077c000000| Complete 
| 993|0x000000077c200000, 0x000000077c400000, 0x000000077c400000|100%|HC|  |TAMS 0x000000077c200000| PB 0x000000077c200000| Complete 
| 994|0x000000077c400000, 0x000000077c600000, 0x000000077c600000|100%|HC|  |TAMS 0x000000077c400000| PB 0x000000077c400000| Complete 
| 995|0x000000077c600000, 0x000000077c800000, 0x000000077c800000|100%|HC|  |TAMS 0x000000077c600000| PB 0x000000077c600000| Complete 
| 996|0x000000077c800000, 0x000000077ca00000, 0x000000077ca00000|100%|HC|  |TAMS 0x000000077c800000| PB 0x000000077c800000| Complete 
| 997|0x000000077ca00000, 0x000000077cc00000, 0x000000077cc00000|100%|HC|  |TAMS 0x000000077ca00000| PB 0x000000077ca00000| Complete 
| 998|0x000000077cc00000, 0x000000077ce00000, 0x000000077ce00000|100%|HC|  |TAMS 0x000000077cc00000| PB 0x000000077cc00000| Complete 
| 999|0x000000077ce00000, 0x000000077d000000, 0x000000077d000000|100%|HC|  |TAMS 0x000000077ce00000| PB 0x000000077ce00000| Complete 
|1000|0x000000077d000000, 0x000000077d200000, 0x000000077d200000|100%|HC|  |TAMS 0x000000077d000000| PB 0x000000077d000000| Complete 
|1001|0x000000077d200000, 0x000000077d400000, 0x000000077d400000|100%|HC|  |TAMS 0x000000077d200000| PB 0x000000077d200000| Complete 
|1002|0x000000077d400000, 0x000000077d600000, 0x000000077d600000|100%|HC|  |TAMS 0x000000077d400000| PB 0x000000077d400000| Complete 
|1003|0x000000077d600000, 0x000000077d800000, 0x000000077d800000|100%|HC|  |TAMS 0x000000077d600000| PB 0x000000077d600000| Complete 
|1004|0x000000077d800000, 0x000000077da00000, 0x000000077da00000|100%|HC|  |TAMS 0x000000077d800000| PB 0x000000077d800000| Complete 
|1005|0x000000077da00000, 0x000000077dc00000, 0x000000077dc00000|100%|HC|  |TAMS 0x000000077da00000| PB 0x000000077da00000| Complete 
|1006|0x000000077dc00000, 0x000000077de00000, 0x000000077de00000|100%|HC|  |TAMS 0x000000077dc00000| PB 0x000000077dc00000| Complete 
|1007|0x000000077de00000, 0x000000077e000000, 0x000000077e000000|100%|HC|  |TAMS 0x000000077de00000| PB 0x000000077de00000| Complete 
|1008|0x000000077e000000, 0x000000077e200000, 0x000000077e200000|100%|HC|  |TAMS 0x000000077e000000| PB 0x000000077e000000| Complete 
|1009|0x000000077e200000, 0x000000077e400000, 0x000000077e400000|100%|HC|  |TAMS 0x000000077e200000| PB 0x000000077e200000| Complete 
|1010|0x000000077e400000, 0x000000077e600000, 0x000000077e600000|100%|HC|  |TAMS 0x000000077e400000| PB 0x000000077e400000| Complete 
|1011|0x000000077e600000, 0x000000077e800000, 0x000000077e800000|100%|HC|  |TAMS 0x000000077e600000| PB 0x000000077e600000| Complete 
|1012|0x000000077e800000, 0x000000077ea00000, 0x000000077ea00000|100%|HC|  |TAMS 0x000000077e800000| PB 0x000000077e800000| Complete 
|1013|0x000000077ea00000, 0x000000077ec00000, 0x000000077ec00000|100%|HC|  |TAMS 0x000000077ea00000| PB 0x000000077ea00000| Complete 
|1014|0x000000077ec00000, 0x000000077ee00000, 0x000000077ee00000|100%|HC|  |TAMS 0x000000077ec00000| PB 0x000000077ec00000| Complete 
|1015|0x000000077ee00000, 0x000000077f000000, 0x000000077f000000|100%|HC|  |TAMS 0x000000077ee00000| PB 0x000000077ee00000| Complete 
|1016|0x000000077f000000, 0x000000077f200000, 0x000000077f200000|100%|HC|  |TAMS 0x000000077f000000| PB 0x000000077f000000| Complete 
|1017|0x000000077f200000, 0x000000077f400000, 0x000000077f400000|100%|HC|  |TAMS 0x000000077f200000| PB 0x000000077f200000| Complete 
|1018|0x000000077f400000, 0x000000077f600000, 0x000000077f600000|100%|HC|  |TAMS 0x000000077f400000| PB 0x000000077f400000| Complete 
|1019|0x000000077f600000, 0x000000077f800000, 0x000000077f800000|100%|HC|  |TAMS 0x000000077f600000| PB 0x000000077f600000| Complete 
|1020|0x000000077f800000, 0x000000077fa00000, 0x000000077fa00000|100%|HC|  |TAMS 0x000000077f800000| PB 0x000000077f800000| Complete 
|1021|0x000000077fa00000, 0x000000077fc00000, 0x000000077fc00000|100%|HC|  |TAMS 0x000000077fa00000| PB 0x000000077fa00000| Complete 
|1022|0x000000077fc00000, 0x000000077fe00000, 0x000000077fe00000|100%|HC|  |TAMS 0x000000077fc00000| PB 0x000000077fc00000| Complete 
|1023|0x000000077fe00000, 0x0000000780000000, 0x0000000780000000|100%|HC|  |TAMS 0x000000077fe00000| PB 0x000000077fe00000| Complete 
|1024|0x0000000780000000, 0x0000000780200000, 0x0000000780200000|100%|HC|  |TAMS 0x0000000780000000| PB 0x0000000780000000| Complete 
|1025|0x0000000780200000, 0x0000000780400000, 0x0000000780400000|100%|HC|  |TAMS 0x0000000780200000| PB 0x0000000780200000| Complete 
|1026|0x0000000780400000, 0x0000000780600000, 0x0000000780600000|100%|HC|  |TAMS 0x0000000780400000| PB 0x0000000780400000| Complete 
|1027|0x0000000780600000, 0x0000000780800000, 0x0000000780800000|100%|HC|  |TAMS 0x0000000780600000| PB 0x0000000780600000| Complete 
|1028|0x0000000780800000, 0x0000000780a00000, 0x0000000780a00000|100%|HC|  |TAMS 0x0000000780800000| PB 0x0000000780800000| Complete 
|1029|0x0000000780a00000, 0x0000000780c00000, 0x0000000780c00000|100%|HC|  |TAMS 0x0000000780a00000| PB 0x0000000780a00000| Complete 
|1030|0x0000000780c00000, 0x0000000780e00000, 0x0000000780e00000|100%|HC|  |TAMS 0x0000000780c00000| PB 0x0000000780c00000| Complete 
|1031|0x0000000780e00000, 0x0000000781000000, 0x0000000781000000|100%|HC|  |TAMS 0x0000000780e00000| PB 0x0000000780e00000| Complete 
|1032|0x0000000781000000, 0x0000000781200000, 0x0000000781200000|100%|HC|  |TAMS 0x0000000781000000| PB 0x0000000781000000| Complete 
|1033|0x0000000781200000, 0x0000000781400000, 0x0000000781400000|100%|HC|  |TAMS 0x0000000781200000| PB 0x0000000781200000| Complete 
|1034|0x0000000781400000, 0x0000000781600000, 0x0000000781600000|100%|HC|  |TAMS 0x0000000781400000| PB 0x0000000781400000| Complete 
|1035|0x0000000781600000, 0x0000000781800000, 0x0000000781800000|100%|HC|  |TAMS 0x0000000781600000| PB 0x0000000781600000| Complete 
|1036|0x0000000781800000, 0x0000000781a00000, 0x0000000781a00000|100%|HC|  |TAMS 0x0000000781800000| PB 0x0000000781800000| Complete 
|1037|0x0000000781a00000, 0x0000000781c00000, 0x0000000781c00000|100%|HC|  |TAMS 0x0000000781a00000| PB 0x0000000781a00000| Complete 
|1038|0x0000000781c00000, 0x0000000781e00000, 0x0000000781e00000|100%|HC|  |TAMS 0x0000000781c00000| PB 0x0000000781c00000| Complete 
|1039|0x0000000781e00000, 0x0000000782000000, 0x0000000782000000|100%|HC|  |TAMS 0x0000000781e00000| PB 0x0000000781e00000| Complete 
|1040|0x0000000782000000, 0x0000000782200000, 0x0000000782200000|100%|HC|  |TAMS 0x0000000782000000| PB 0x0000000782000000| Complete 
|1041|0x0000000782200000, 0x0000000782400000, 0x0000000782400000|100%|HC|  |TAMS 0x0000000782200000| PB 0x0000000782200000| Complete 
|1042|0x0000000782400000, 0x0000000782600000, 0x0000000782600000|100%|HC|  |TAMS 0x0000000782400000| PB 0x0000000782400000| Complete 
|1043|0x0000000782600000, 0x0000000782800000, 0x0000000782800000|100%|HC|  |TAMS 0x0000000782600000| PB 0x0000000782600000| Complete 
|1044|0x0000000782800000, 0x0000000782a00000, 0x0000000782a00000|100%|HC|  |TAMS 0x0000000782800000| PB 0x0000000782800000| Complete 
|1045|0x0000000782a00000, 0x0000000782c00000, 0x0000000782c00000|100%|HC|  |TAMS 0x0000000782a00000| PB 0x0000000782a00000| Complete 
|1046|0x0000000782c00000, 0x0000000782e00000, 0x0000000782e00000|100%|HC|  |TAMS 0x0000000782c00000| PB 0x0000000782c00000| Complete 
|1047|0x0000000782e00000, 0x0000000783000000, 0x0000000783000000|100%|HC|  |TAMS 0x0000000782e00000| PB 0x0000000782e00000| Complete 
|1048|0x0000000783000000, 0x0000000783200000, 0x0000000783200000|100%|HC|  |TAMS 0x0000000783000000| PB 0x0000000783000000| Complete 
|1049|0x0000000783200000, 0x0000000783400000, 0x0000000783400000|100%|HC|  |TAMS 0x0000000783200000| PB 0x0000000783200000| Complete 
|1050|0x0000000783400000, 0x0000000783600000, 0x0000000783600000|100%|HC|  |TAMS 0x0000000783400000| PB 0x0000000783400000| Complete 
|1051|0x0000000783600000, 0x0000000783800000, 0x0000000783800000|100%|HC|  |TAMS 0x0000000783600000| PB 0x0000000783600000| Complete 
|1052|0x0000000783800000, 0x0000000783a00000, 0x0000000783a00000|100%|HC|  |TAMS 0x0000000783800000| PB 0x0000000783800000| Complete 
|1053|0x0000000783a00000, 0x0000000783c00000, 0x0000000783c00000|100%|HC|  |TAMS 0x0000000783a00000| PB 0x0000000783a00000| Complete 
|1054|0x0000000783c00000, 0x0000000783e00000, 0x0000000783e00000|100%|HC|  |TAMS 0x0000000783c00000| PB 0x0000000783c00000| Complete 
|1055|0x0000000783e00000, 0x0000000784000000, 0x0000000784000000|100%|HC|  |TAMS 0x0000000783e00000| PB 0x0000000783e00000| Complete 
|1056|0x0000000784000000, 0x0000000784200000, 0x0000000784200000|100%|HC|  |TAMS 0x0000000784000000| PB 0x0000000784000000| Complete 
|1057|0x0000000784200000, 0x0000000784400000, 0x0000000784400000|100%|HC|  |TAMS 0x0000000784200000| PB 0x0000000784200000| Complete 
|1058|0x0000000784400000, 0x0000000784600000, 0x0000000784600000|100%|HC|  |TAMS 0x0000000784400000| PB 0x0000000784400000| Complete 
|1059|0x0000000784600000, 0x0000000784800000, 0x0000000784800000|100%|HC|  |TAMS 0x0000000784600000| PB 0x0000000784600000| Complete 
|1060|0x0000000784800000, 0x0000000784a00000, 0x0000000784a00000|100%|HC|  |TAMS 0x0000000784800000| PB 0x0000000784800000| Complete 
|1061|0x0000000784a00000, 0x0000000784c00000, 0x0000000784c00000|100%|HC|  |TAMS 0x0000000784a00000| PB 0x0000000784a00000| Complete 
|1062|0x0000000784c00000, 0x0000000784e00000, 0x0000000784e00000|100%|HC|  |TAMS 0x0000000784c00000| PB 0x0000000784c00000| Complete 
|1063|0x0000000784e00000, 0x0000000785000000, 0x0000000785000000|100%|HC|  |TAMS 0x0000000784e00000| PB 0x0000000784e00000| Complete 
|1064|0x0000000785000000, 0x0000000785200000, 0x0000000785200000|100%|HC|  |TAMS 0x0000000785000000| PB 0x0000000785000000| Complete 
|1065|0x0000000785200000, 0x0000000785400000, 0x0000000785400000|100%|HC|  |TAMS 0x0000000785200000| PB 0x0000000785200000| Complete 
|1066|0x0000000785400000, 0x0000000785600000, 0x0000000785600000|100%|HC|  |TAMS 0x0000000785400000| PB 0x0000000785400000| Complete 
|1067|0x0000000785600000, 0x0000000785800000, 0x0000000785800000|100%|HC|  |TAMS 0x0000000785600000| PB 0x0000000785600000| Complete 
|1068|0x0000000785800000, 0x0000000785a00000, 0x0000000785a00000|100%|HC|  |TAMS 0x0000000785800000| PB 0x0000000785800000| Complete 
|1069|0x0000000785a00000, 0x0000000785c00000, 0x0000000785c00000|100%|HC|  |TAMS 0x0000000785a00000| PB 0x0000000785a00000| Complete 
|1070|0x0000000785c00000, 0x0000000785e00000, 0x0000000785e00000|100%|HC|  |TAMS 0x0000000785c00000| PB 0x0000000785c00000| Complete 
|1071|0x0000000785e00000, 0x0000000786000000, 0x0000000786000000|100%|HC|  |TAMS 0x0000000785e00000| PB 0x0000000785e00000| Complete 
|1072|0x0000000786000000, 0x0000000786200000, 0x0000000786200000|100%|HC|  |TAMS 0x0000000786000000| PB 0x0000000786000000| Complete 
|1073|0x0000000786200000, 0x0000000786400000, 0x0000000786400000|100%|HC|  |TAMS 0x0000000786200000| PB 0x0000000786200000| Complete 
|1074|0x0000000786400000, 0x0000000786600000, 0x0000000786600000|100%|HC|  |TAMS 0x0000000786400000| PB 0x0000000786400000| Complete 
|1075|0x0000000786600000, 0x0000000786800000, 0x0000000786800000|100%|HC|  |TAMS 0x0000000786600000| PB 0x0000000786600000| Complete 
|1076|0x0000000786800000, 0x0000000786a00000, 0x0000000786a00000|100%|HC|  |TAMS 0x0000000786800000| PB 0x0000000786800000| Complete 
|1077|0x0000000786a00000, 0x0000000786c00000, 0x0000000786c00000|100%|HC|  |TAMS 0x0000000786a00000| PB 0x0000000786a00000| Complete 
|1078|0x0000000786c00000, 0x0000000786e00000, 0x0000000786e00000|100%|HC|  |TAMS 0x0000000786c00000| PB 0x0000000786c00000| Complete 
|1079|0x0000000786e00000, 0x0000000787000000, 0x0000000787000000|100%|HC|  |TAMS 0x0000000786e00000| PB 0x0000000786e00000| Complete 
|1080|0x0000000787000000, 0x0000000787200000, 0x0000000787200000|100%|HC|  |TAMS 0x0000000787000000| PB 0x0000000787000000| Complete 
|1081|0x0000000787200000, 0x0000000787400000, 0x0000000787400000|100%|HC|  |TAMS 0x0000000787200000| PB 0x0000000787200000| Complete 
|1082|0x0000000787400000, 0x0000000787600000, 0x0000000787600000|100%|HC|  |TAMS 0x0000000787400000| PB 0x0000000787400000| Complete 
|1083|0x0000000787600000, 0x0000000787800000, 0x0000000787800000|100%|HC|  |TAMS 0x0000000787600000| PB 0x0000000787600000| Complete 
|1084|0x0000000787800000, 0x0000000787a00000, 0x0000000787a00000|100%|HC|  |TAMS 0x0000000787800000| PB 0x0000000787800000| Complete 
|1085|0x0000000787a00000, 0x0000000787c00000, 0x0000000787c00000|100%|HC|  |TAMS 0x0000000787a00000| PB 0x0000000787a00000| Complete 
|1086|0x0000000787c00000, 0x0000000787e00000, 0x0000000787e00000|100%|HC|  |TAMS 0x0000000787c00000| PB 0x0000000787c00000| Complete 
|1087|0x0000000787e00000, 0x0000000788000000, 0x0000000788000000|100%|HC|  |TAMS 0x0000000787e00000| PB 0x0000000787e00000| Complete 
|1088|0x0000000788000000, 0x0000000788200000, 0x0000000788200000|100%|HC|  |TAMS 0x0000000788000000| PB 0x0000000788000000| Complete 
|1089|0x0000000788200000, 0x0000000788400000, 0x0000000788400000|100%|HC|  |TAMS 0x0000000788200000| PB 0x0000000788200000| Complete 
|1090|0x0000000788400000, 0x0000000788600000, 0x0000000788600000|100%|HC|  |TAMS 0x0000000788400000| PB 0x0000000788400000| Complete 
|1091|0x0000000788600000, 0x0000000788800000, 0x0000000788800000|100%|HC|  |TAMS 0x0000000788600000| PB 0x0000000788600000| Complete 
|1092|0x0000000788800000, 0x0000000788a00000, 0x0000000788a00000|100%|HC|  |TAMS 0x0000000788800000| PB 0x0000000788800000| Complete 
|1093|0x0000000788a00000, 0x0000000788c00000, 0x0000000788c00000|100%|HC|  |TAMS 0x0000000788a00000| PB 0x0000000788a00000| Complete 
|1094|0x0000000788c00000, 0x0000000788e00000, 0x0000000788e00000|100%|HC|  |TAMS 0x0000000788c00000| PB 0x0000000788c00000| Complete 
|1095|0x0000000788e00000, 0x0000000789000000, 0x0000000789000000|100%|HC|  |TAMS 0x0000000788e00000| PB 0x0000000788e00000| Complete 
|1096|0x0000000789000000, 0x0000000789200000, 0x0000000789200000|100%|HC|  |TAMS 0x0000000789000000| PB 0x0000000789000000| Complete 
|1097|0x0000000789200000, 0x0000000789400000, 0x0000000789400000|100%|HC|  |TAMS 0x0000000789200000| PB 0x0000000789200000| Complete 
|1098|0x0000000789400000, 0x0000000789600000, 0x0000000789600000|100%|HC|  |TAMS 0x0000000789400000| PB 0x0000000789400000| Complete 
|1099|0x0000000789600000, 0x0000000789800000, 0x0000000789800000|100%|HC|  |TAMS 0x0000000789600000| PB 0x0000000789600000| Complete 
|1100|0x0000000789800000, 0x0000000789a00000, 0x0000000789a00000|100%|HC|  |TAMS 0x0000000789800000| PB 0x0000000789800000| Complete 
|1101|0x0000000789a00000, 0x0000000789c00000, 0x0000000789c00000|100%|HC|  |TAMS 0x0000000789a00000| PB 0x0000000789a00000| Complete 
|1102|0x0000000789c00000, 0x0000000789e00000, 0x0000000789e00000|100%|HS|  |TAMS 0x0000000789c00000| PB 0x0000000789c00000| Complete 
|1103|0x0000000789e00000, 0x000000078a000000, 0x000000078a000000|100%|HC|  |TAMS 0x0000000789e00000| PB 0x0000000789e00000| Complete 
|1104|0x000000078a000000, 0x000000078a200000, 0x000000078a200000|100%|HC|  |TAMS 0x000000078a000000| PB 0x000000078a000000| Complete 
|1105|0x000000078a200000, 0x000000078a400000, 0x000000078a400000|100%|HC|  |TAMS 0x000000078a200000| PB 0x000000078a200000| Complete 
|1106|0x000000078a400000, 0x000000078a600000, 0x000000078a600000|100%|HC|  |TAMS 0x000000078a400000| PB 0x000000078a400000| Complete 
|1107|0x000000078a600000, 0x000000078a800000, 0x000000078a800000|100%|HC|  |TAMS 0x000000078a600000| PB 0x000000078a600000| Complete 
|1108|0x000000078a800000, 0x000000078aa00000, 0x000000078aa00000|100%|HC|  |TAMS 0x000000078a800000| PB 0x000000078a800000| Complete 
|1109|0x000000078aa00000, 0x000000078ac00000, 0x000000078ac00000|100%|HC|  |TAMS 0x000000078aa00000| PB 0x000000078aa00000| Complete 
|1110|0x000000078ac00000, 0x000000078ae00000, 0x000000078ae00000|100%|HC|  |TAMS 0x000000078ac00000| PB 0x000000078ac00000| Complete 
|1111|0x000000078ae00000, 0x000000078b000000, 0x000000078b000000|100%|HC|  |TAMS 0x000000078ae00000| PB 0x000000078ae00000| Complete 
|1112|0x000000078b000000, 0x000000078b200000, 0x000000078b200000|100%|HC|  |TAMS 0x000000078b000000| PB 0x000000078b000000| Complete 
|1113|0x000000078b200000, 0x000000078b400000, 0x000000078b400000|100%|HC|  |TAMS 0x000000078b200000| PB 0x000000078b200000| Complete 
|1114|0x000000078b400000, 0x000000078b600000, 0x000000078b600000|100%|HC|  |TAMS 0x000000078b400000| PB 0x000000078b400000| Complete 
|1115|0x000000078b600000, 0x000000078b800000, 0x000000078b800000|100%|HC|  |TAMS 0x000000078b600000| PB 0x000000078b600000| Complete 
|1116|0x000000078b800000, 0x000000078ba00000, 0x000000078ba00000|100%|HC|  |TAMS 0x000000078b800000| PB 0x000000078b800000| Complete 
|1117|0x000000078ba00000, 0x000000078bc00000, 0x000000078bc00000|100%|HC|  |TAMS 0x000000078ba00000| PB 0x000000078ba00000| Complete 
|1118|0x000000078bc00000, 0x000000078be00000, 0x000000078be00000|100%|HC|  |TAMS 0x000000078bc00000| PB 0x000000078bc00000| Complete 
|1119|0x000000078be00000, 0x000000078c000000, 0x000000078c000000|100%|HC|  |TAMS 0x000000078be00000| PB 0x000000078be00000| Complete 
|1120|0x000000078c000000, 0x000000078c200000, 0x000000078c200000|100%|HC|  |TAMS 0x000000078c000000| PB 0x000000078c000000| Complete 
|1121|0x000000078c200000, 0x000000078c400000, 0x000000078c400000|100%|HC|  |TAMS 0x000000078c200000| PB 0x000000078c200000| Complete 
|1122|0x000000078c400000, 0x000000078c600000, 0x000000078c600000|100%|HC|  |TAMS 0x000000078c400000| PB 0x000000078c400000| Complete 
|1123|0x000000078c600000, 0x000000078c800000, 0x000000078c800000|100%|HC|  |TAMS 0x000000078c600000| PB 0x000000078c600000| Complete 
|1124|0x000000078c800000, 0x000000078ca00000, 0x000000078ca00000|100%|HC|  |TAMS 0x000000078c800000| PB 0x000000078c800000| Complete 
|1125|0x000000078ca00000, 0x000000078cc00000, 0x000000078cc00000|100%|HC|  |TAMS 0x000000078ca00000| PB 0x000000078ca00000| Complete 
|1126|0x000000078cc00000, 0x000000078ce00000, 0x000000078ce00000|100%|HC|  |TAMS 0x000000078cc00000| PB 0x000000078cc00000| Complete 
|1127|0x000000078ce00000, 0x000000078d000000, 0x000000078d000000|100%|HC|  |TAMS 0x000000078ce00000| PB 0x000000078ce00000| Complete 
|1128|0x000000078d000000, 0x000000078d200000, 0x000000078d200000|100%|HC|  |TAMS 0x000000078d000000| PB 0x000000078d000000| Complete 
|1129|0x000000078d200000, 0x000000078d400000, 0x000000078d400000|100%|HC|  |TAMS 0x000000078d200000| PB 0x000000078d200000| Complete 
|1130|0x000000078d400000, 0x000000078d600000, 0x000000078d600000|100%|HC|  |TAMS 0x000000078d400000| PB 0x000000078d400000| Complete 
|1131|0x000000078d600000, 0x000000078d800000, 0x000000078d800000|100%|HC|  |TAMS 0x000000078d600000| PB 0x000000078d600000| Complete 
|1132|0x000000078d800000, 0x000000078da00000, 0x000000078da00000|100%|HC|  |TAMS 0x000000078d800000| PB 0x000000078d800000| Complete 
|1133|0x000000078da00000, 0x000000078dc00000, 0x000000078dc00000|100%|HC|  |TAMS 0x000000078da00000| PB 0x000000078da00000| Complete 
|1134|0x000000078dc00000, 0x000000078de00000, 0x000000078de00000|100%|HC|  |TAMS 0x000000078dc00000| PB 0x000000078dc00000| Complete 
|1135|0x000000078de00000, 0x000000078e000000, 0x000000078e000000|100%|HC|  |TAMS 0x000000078de00000| PB 0x000000078de00000| Complete 
|1136|0x000000078e000000, 0x000000078e200000, 0x000000078e200000|100%|HC|  |TAMS 0x000000078e000000| PB 0x000000078e000000| Complete 
|1137|0x000000078e200000, 0x000000078e400000, 0x000000078e400000|100%|HC|  |TAMS 0x000000078e200000| PB 0x000000078e200000| Complete 
|1138|0x000000078e400000, 0x000000078e600000, 0x000000078e600000|100%|HC|  |TAMS 0x000000078e400000| PB 0x000000078e400000| Complete 
|1139|0x000000078e600000, 0x000000078e800000, 0x000000078e800000|100%|HC|  |TAMS 0x000000078e600000| PB 0x000000078e600000| Complete 
|1140|0x000000078e800000, 0x000000078ea00000, 0x000000078ea00000|100%|HC|  |TAMS 0x000000078e800000| PB 0x000000078e800000| Complete 
|1141|0x000000078ea00000, 0x000000078ec00000, 0x000000078ec00000|100%|HC|  |TAMS 0x000000078ea00000| PB 0x000000078ea00000| Complete 
|1142|0x000000078ec00000, 0x000000078ee00000, 0x000000078ee00000|100%|HC|  |TAMS 0x000000078ec00000| PB 0x000000078ec00000| Complete 
|1143|0x000000078ee00000, 0x000000078f000000, 0x000000078f000000|100%|HC|  |TAMS 0x000000078ee00000| PB 0x000000078ee00000| Complete 
|1144|0x000000078f000000, 0x000000078f200000, 0x000000078f200000|100%|HC|  |TAMS 0x000000078f000000| PB 0x000000078f000000| Complete 
|1145|0x000000078f200000, 0x000000078f400000, 0x000000078f400000|100%|HC|  |TAMS 0x000000078f200000| PB 0x000000078f200000| Complete 
|1146|0x000000078f400000, 0x000000078f600000, 0x000000078f600000|100%|HC|  |TAMS 0x000000078f400000| PB 0x000000078f400000| Complete 
|1147|0x000000078f600000, 0x000000078f800000, 0x000000078f800000|100%|HC|  |TAMS 0x000000078f600000| PB 0x000000078f600000| Complete 
|1148|0x000000078f800000, 0x000000078fa00000, 0x000000078fa00000|100%|HC|  |TAMS 0x000000078f800000| PB 0x000000078f800000| Complete 
|1149|0x000000078fa00000, 0x000000078fc00000, 0x000000078fc00000|100%|HC|  |TAMS 0x000000078fa00000| PB 0x000000078fa00000| Complete 
|1150|0x000000078fc00000, 0x000000078fe00000, 0x000000078fe00000|100%|HC|  |TAMS 0x000000078fc00000| PB 0x000000078fc00000| Complete 
|1151|0x000000078fe00000, 0x0000000790000000, 0x0000000790000000|100%|HC|  |TAMS 0x000000078fe00000| PB 0x000000078fe00000| Complete 
|1152|0x0000000790000000, 0x0000000790200000, 0x0000000790200000|100%|HC|  |TAMS 0x0000000790000000| PB 0x0000000790000000| Complete 
|1153|0x0000000790200000, 0x0000000790400000, 0x0000000790400000|100%|HC|  |TAMS 0x0000000790200000| PB 0x0000000790200000| Complete 
|1154|0x0000000790400000, 0x0000000790600000, 0x0000000790600000|100%|HC|  |TAMS 0x0000000790400000| PB 0x0000000790400000| Complete 
|1155|0x0000000790600000, 0x0000000790800000, 0x0000000790800000|100%|HC|  |TAMS 0x0000000790600000| PB 0x0000000790600000| Complete 
|1156|0x0000000790800000, 0x0000000790a00000, 0x0000000790a00000|100%|HC|  |TAMS 0x0000000790800000| PB 0x0000000790800000| Complete 
|1157|0x0000000790a00000, 0x0000000790c00000, 0x0000000790c00000|100%|HC|  |TAMS 0x0000000790a00000| PB 0x0000000790a00000| Complete 
|1158|0x0000000790c00000, 0x0000000790e00000, 0x0000000790e00000|100%|HC|  |TAMS 0x0000000790c00000| PB 0x0000000790c00000| Complete 
|1159|0x0000000790e00000, 0x0000000791000000, 0x0000000791000000|100%|HC|  |TAMS 0x0000000790e00000| PB 0x0000000790e00000| Complete 
|1160|0x0000000791000000, 0x0000000791200000, 0x0000000791200000|100%|HC|  |TAMS 0x0000000791000000| PB 0x0000000791000000| Complete 
|1161|0x0000000791200000, 0x0000000791400000, 0x0000000791400000|100%|HC|  |TAMS 0x0000000791200000| PB 0x0000000791200000| Complete 
|1162|0x0000000791400000, 0x0000000791600000, 0x0000000791600000|100%|HC|  |TAMS 0x0000000791400000| PB 0x0000000791400000| Complete 
|1163|0x0000000791600000, 0x0000000791800000, 0x0000000791800000|100%|HC|  |TAMS 0x0000000791600000| PB 0x0000000791600000| Complete 
|1164|0x0000000791800000, 0x0000000791a00000, 0x0000000791a00000|100%|HC|  |TAMS 0x0000000791800000| PB 0x0000000791800000| Complete 
|1165|0x0000000791a00000, 0x0000000791c00000, 0x0000000791c00000|100%|HC|  |TAMS 0x0000000791a00000| PB 0x0000000791a00000| Complete 
|1166|0x0000000791c00000, 0x0000000791e00000, 0x0000000791e00000|100%|HC|  |TAMS 0x0000000791c00000| PB 0x0000000791c00000| Complete 
|1167|0x0000000791e00000, 0x0000000792000000, 0x0000000792000000|100%|HC|  |TAMS 0x0000000791e00000| PB 0x0000000791e00000| Complete 
|1168|0x0000000792000000, 0x0000000792200000, 0x0000000792200000|100%|HC|  |TAMS 0x0000000792000000| PB 0x0000000792000000| Complete 
|1169|0x0000000792200000, 0x0000000792400000, 0x0000000792400000|100%|HC|  |TAMS 0x0000000792200000| PB 0x0000000792200000| Complete 
|1170|0x0000000792400000, 0x0000000792600000, 0x0000000792600000|100%|HC|  |TAMS 0x0000000792400000| PB 0x0000000792400000| Complete 
|1171|0x0000000792600000, 0x0000000792800000, 0x0000000792800000|100%|HC|  |TAMS 0x0000000792600000| PB 0x0000000792600000| Complete 
|1172|0x0000000792800000, 0x0000000792a00000, 0x0000000792a00000|100%|HC|  |TAMS 0x0000000792800000| PB 0x0000000792800000| Complete 
|1173|0x0000000792a00000, 0x0000000792c00000, 0x0000000792c00000|100%|HC|  |TAMS 0x0000000792a00000| PB 0x0000000792a00000| Complete 

Card table byte_map: [0x0000742527600000,0x0000742527e00000] _byte_map_base: 0x0000742523e00000

Marking Bits: (CMBitMap*) 0x0000742540085fa0
 Bits: [0x0000742523600000, 0x0000742527600000)

Polling page: 0x00007425464b1000

Metaspace:

Usage:
  Non-class:    184.05 MB used.
      Class:     26.17 MB used.
       Both:    210.21 MB used.

Virtual space:
  Non-class space:      192.00 MB reserved,     184.81 MB ( 96%) committed,  3 nodes.
      Class space:        1.00 GB reserved,      27.62 MB (  3%) committed,  1 nodes.
             Both:        1.19 GB reserved,     212.44 MB ( 17%) committed. 

Chunk freelists:
   Non-Class:  7.02 MB
       Class:  5.13 MB
        Both:  12.15 MB

MaxMetaspaceSize: 2.00 GB
CompressedClassSpaceSize: 1.00 GB
Initial GC threshold: 21.00 MB
Current GC threshold: 354.69 MB
CDS: on
 - commit_granule_bytes: 65536.
 - commit_granule_words: 8192.
 - virtual_space_node_default_size: 8388608.
 - enlarge_chunks_in_place: 1.
 - use_allocation_guard: 0.


Internal statistics:

num_allocs_failed_limit: 27.
num_arena_births: 5996.
num_arena_deaths: 3396.
num_vsnodes_births: 4.
num_vsnodes_deaths: 0.
num_space_committed: 3471.
num_space_uncommitted: 19.
num_chunks_returned_to_freelist: 4237.
num_chunks_taken_from_freelist: 16225.
num_chunk_merges: 1544.
num_chunk_splits: 10410.
num_chunks_enlarged: 7181.
num_inconsistent_stats: 0.

CodeHeap 'non-profiled nmethods': size=120028Kb used=21521Kb max_used=23204Kb free=98506Kb
 bounds [0x00007425302c9000, 0x0000742531979000, 0x0000742537800000]
CodeHeap 'profiled nmethods': size=120028Kb used=54481Kb max_used=64524Kb free=65546Kb
 bounds [0x0000742528800000, 0x000074252c710000, 0x000074252fd37000]
CodeHeap 'non-nmethods': size=5704Kb used=3354Kb max_used=3436Kb free=2349Kb
 bounds [0x000074252fd37000, 0x0000742530097000, 0x00007425302c9000]
CodeCache: size=245760Kb, used=79356Kb, max_used=91164Kb, free=166401Kb
 total_blobs=27724, nmethods=26360, adapters=1264, full_count=0
Compilation: enabled, stopped_count=0, restarted_count=0

Compilation events (20 events):
Event: 6493.681 Thread 0x0000742540128b90 nmethod 41273 0x000074252b33d210 code [0x000074252b33d3c0, 0x000074252b33d748]
Event: 6493.681 Thread 0x0000742540128b90 41274       3       org.gradle.internal.execution.steps.CachingResult::<init> (10 bytes)
Event: 6493.682 Thread 0x0000742540128b90 nmethod 41274 0x0000742529682c90 code [0x0000742529682f20, 0x0000742529684100]
Event: 6493.697 Thread 0x00007425401274c0 nmethod 41275 0x0000742530ffce90 code [0x0000742530ffd0c0, 0x0000742530ffd958]
Event: 6495.235 Thread 0x0000742540128b90 41276 %     3       com.google.common.io.ByteStreams::copy @ 16 (51 bytes)
Event: 6495.236 Thread 0x0000742540128b90 nmethod 41276% 0x000074252a88c410 code [0x000074252a88c620, 0x000074252a88ce10]
Event: 6497.974 Thread 0x0000742540128b90 41277       1       com.android.tools.build.jetifier.processor.archive.Archive::getRelativePath (5 bytes)
Event: 6497.974 Thread 0x0000742540128b90 nmethod 41277 0x00007425307d5710 code [0x00007425307d58a0, 0x00007425307d5968]
Event: 6499.382 Thread 0x0000742540128b90 41279       3       java.lang.invoke.VarHandleReferences$FieldInstanceReadWrite::compareAndExchange (48 bytes)
Event: 6499.383 Thread 0x0000742540128b90 nmethod 41279 0x000074252c477010 code [0x000074252c477280, 0x000074252c477c18]
Event: 6499.383 Thread 0x0000742540128b90 41278       3       java.lang.invoke.VarHandleGuards::guard_LLL_L (98 bytes)
Event: 6499.386 Thread 0x0000742540128b90 nmethod 41278 0x00007425289e7790 code [0x00007425289e7b20, 0x00007425289e97f8]
Event: 6500.921 Thread 0x0000742540128b90 41280       3       org.gradle.internal.snapshot.impl.DirectorySnapshotterStatistics$CollectingFileVisitor::preVisitDirectory (10 bytes)
Event: 6500.921 Thread 0x0000742540128b90 nmethod 41280 0x000074252a599990 code [0x000074252a599b60, 0x000074252a599ee0]
Event: 6502.687 Thread 0x0000742540128b90 41281       3       com.google.common.io.ByteStreams::copy (51 bytes)
Event: 6502.688 Thread 0x0000742540128b90 nmethod 41281 0x000074252ae58490 code [0x000074252ae586a0, 0x000074252ae58dc0]
Event: 6512.815 Thread 0x00007425401274c0 41283   !   4       java.util.concurrent.ScheduledThreadPoolExecutor$DelayedWorkQueue::take (203 bytes)
Event: 6516.136 Thread 0x00007425401274c0 nmethod 41283 0x000074253150eb10 code [0x000074253150ede0, 0x000074253150fd60]
Event: 6516.136 Thread 0x00007425401274c0 41282       4       java.util.concurrent.ScheduledThreadPoolExecutor$DelayedWorkQueue::take (5 bytes)
Event: 6516.137 Thread 0x00007425401274c0 nmethod 41282 0x00007425307d5210 code [0x00007425307d53a0, 0x00007425307d5450]

GC Heap History (20 events):
Event: 5157.325 GC heap before
{Heap before GC invocations=116 (full 0):
 garbage-first heap   total 710656K, used 332740K [0x0000000700000000, 0x0000000800000000)
  region size 2048K, 70 young (143360K), 13 survivors (26624K)
 Metaspace       used 214832K, committed 217920K, reserved 1245184K
  class space    used 26999K, committed 28544K, reserved 1048576K
}
Event: 5371.956 GC heap after
{Heap after GC invocations=117 (full 1):
 garbage-first heap   total 458752K, used 130211K [0x0000000700000000, 0x0000000800000000)
  region size 2048K, 0 young (0K), 0 survivors (0K)
 Metaspace       used 212458K, committed 217920K, reserved 1245184K
  class space    used 26454K, committed 28544K, reserved 1048576K
}
Event: 6412.408 GC heap before
{Heap before GC invocations=117 (full 1):
 garbage-first heap   total 458752K, used 351395K [0x0000000700000000, 0x0000000800000000)
  region size 2048K, 110 young (225280K), 0 survivors (0K)
 Metaspace       used 215220K, committed 218432K, reserved 1245184K
  class space    used 26705K, committed 28544K, reserved 1048576K
}
Event: 6414.125 GC heap after
{Heap after GC invocations=118 (full 1):
 garbage-first heap   total 458752K, used 155901K [0x0000000700000000, 0x0000000800000000)
  region size 2048K, 13 young (26624K), 13 survivors (26624K)
 Metaspace       used 215220K, committed 218432K, reserved 1245184K
  class space    used 26705K, committed 28544K, reserved 1048576K
}
Event: 6415.840 GC heap before
{Heap before GC invocations=119 (full 1):
 garbage-first heap   total 458752K, used 194813K [0x0000000700000000, 0x0000000800000000)
  region size 2048K, 32 young (65536K), 13 survivors (26624K)
 Metaspace       used 209537K, committed 213760K, reserved 1245184K
  class space    used 26079K, committed 28288K, reserved 1048576K
}
Event: 6416.519 GC heap after
{Heap after GC invocations=120 (full 1):
 garbage-first heap   total 458752K, used 158857K [0x0000000700000000, 0x0000000800000000)
  region size 2048K, 2 young (4096K), 2 survivors (4096K)
 Metaspace       used 209537K, committed 213760K, reserved 1245184K
  class space    used 26079K, committed 28288K, reserved 1048576K
}
Event: 6423.673 GC heap before
{Heap before GC invocations=120 (full 1):
 garbage-first heap   total 458752K, used 396425K [0x0000000700000000, 0x0000000800000000)
  region size 2048K, 118 young (241664K), 2 survivors (4096K)
 Metaspace       used 213494K, committed 215936K, reserved 1245184K
  class space    used 26582K, committed 28288K, reserved 1048576K
}
Event: 6424.002 GC heap after
{Heap after GC invocations=121 (full 1):
 garbage-first heap   total 458752K, used 163964K [0x0000000700000000, 0x0000000800000000)
  region size 2048K, 5 young (10240K), 5 survivors (10240K)
 Metaspace       used 213494K, committed 215936K, reserved 1245184K
  class space    used 26582K, committed 28288K, reserved 1048576K
}
Event: 6424.069 GC heap before
{Heap before GC invocations=121 (full 1):
 garbage-first heap   total 458752K, used 174204K [0x0000000700000000, 0x0000000800000000)
  region size 2048K, 11 young (22528K), 5 survivors (10240K)
 Metaspace       used 213507K, committed 215936K, reserved 1245184K
  class space    used 26584K, committed 28288K, reserved 1048576K
}
Event: 6424.146 GC heap after
{Heap after GC invocations=122 (full 1):
 garbage-first heap   total 458752K, used 163740K [0x0000000700000000, 0x0000000800000000)
  region size 2048K, 1 young (2048K), 1 survivors (2048K)
 Metaspace       used 213507K, committed 215936K, reserved 1245184K
  class space    used 26584K, committed 28288K, reserved 1048576K
}
Event: 6432.848 GC heap before
{Heap before GC invocations=123 (full 1):
 garbage-first heap   total 458752K, used 229276K [0x0000000700000000, 0x0000000800000000)
  region size 2048K, 35 young (71680K), 1 survivors (2048K)
 Metaspace       used 213527K, committed 216000K, reserved 1245184K
  class space    used 26585K, committed 28288K, reserved 1048576K
}
Event: 6432.854 GC heap after
{Heap after GC invocations=124 (full 1):
 garbage-first heap   total 458752K, used 163333K [0x0000000700000000, 0x0000000800000000)
  region size 2048K, 2 young (4096K), 2 survivors (4096K)
 Metaspace       used 213527K, committed 216000K, reserved 1245184K
  class space    used 26585K, committed 28288K, reserved 1048576K
}
Event: 6441.103 GC heap before
{Heap before GC invocations=124 (full 1):
 garbage-first heap   total 458752K, used 404997K [0x0000000700000000, 0x0000000800000000)
  region size 2048K, 119 young (243712K), 2 survivors (4096K)
 Metaspace       used 215203K, committed 217472K, reserved 1245184K
  class space    used 26795K, committed 28288K, reserved 1048576K
}
Event: 6441.316 GC heap after
{Heap after GC invocations=125 (full 1):
 garbage-first heap   total 458752K, used 167353K [0x0000000700000000, 0x0000000800000000)
  region size 2048K, 5 young (10240K), 5 survivors (10240K)
 Metaspace       used 215203K, committed 217472K, reserved 1245184K
  class space    used 26795K, committed 28288K, reserved 1048576K
}
Event: 6441.437 GC heap before
{Heap before GC invocations=125 (full 1):
 garbage-first heap   total 458752K, used 218553K [0x0000000700000000, 0x0000000800000000)
  region size 2048K, 30 young (61440K), 5 survivors (10240K)
 Metaspace       used 215230K, committed 217536K, reserved 1245184K
  class space    used 26795K, committed 28288K, reserved 1048576K
}
Event: 6441.771 GC heap after
{Heap after GC invocations=126 (full 1):
 garbage-first heap   total 966656K, used 164344K [0x0000000700000000, 0x0000000800000000)
  region size 2048K, 1 young (2048K), 1 survivors (2048K)
 Metaspace       used 215230K, committed 217536K, reserved 1245184K
  class space    used 26795K, committed 28288K, reserved 1048576K
}
Event: 6441.939 GC heap before
{Heap before GC invocations=126 (full 1):
 garbage-first heap   total 966656K, used 211448K [0x0000000700000000, 0x0000000800000000)
  region size 2048K, 25 young (51200K), 1 survivors (2048K)
 Metaspace       used 215237K, committed 217536K, reserved 1245184K
  class space    used 26795K, committed 28288K, reserved 1048576K
}
Event: 6441.944 GC heap after
{Heap after GC invocations=127 (full 1):
 garbage-first heap   total 966656K, used 163669K [0x0000000700000000, 0x0000000800000000)
  region size 2048K, 1 young (2048K), 1 survivors (2048K)
 Metaspace       used 215237K, committed 217536K, reserved 1245184K
  class space    used 26795K, committed 28288K, reserved 1048576K
}
Event: 6468.477 GC heap before
{Heap before GC invocations=127 (full 1):
 garbage-first heap   total 966656K, used 280405K [0x0000000700000000, 0x0000000800000000)
  region size 2048K, 58 young (118784K), 1 survivors (2048K)
 Metaspace       used 215254K, committed 217536K, reserved 1245184K
  class space    used 26795K, committed 28288K, reserved 1048576K
}
Event: 6468.482 GC heap after
{Heap after GC invocations=128 (full 1):
 garbage-first heap   total 966656K, used 165371K [0x0000000700000000, 0x0000000800000000)
  region size 2048K, 3 young (6144K), 3 survivors (6144K)
 Metaspace       used 215254K, committed 217536K, reserved 1245184K
  class space    used 26795K, committed 28288K, reserved 1048576K
}

Dll operation events (15 events):
Event: 0.018 Loaded shared library /usr/lib/jvm/java-21-openjdk-amd64/lib/libjava.so
Event: 0.040 Loaded shared library /usr/lib/jvm/java-21-openjdk-amd64/lib/libjsvml.so
Event: 0.077 Loaded shared library /usr/lib/jvm/java-21-openjdk-amd64/lib/libzip.so
Event: 0.091 Loaded shared library /usr/lib/jvm/java-21-openjdk-amd64/lib/libinstrument.so
Event: 0.093 Loaded shared library /usr/lib/jvm/java-21-openjdk-amd64/lib/libnio.so
Event: 0.098 Loaded shared library /usr/lib/jvm/java-21-openjdk-amd64/lib/libzip.so
Event: 0.200 Loaded shared library /usr/lib/jvm/java-21-openjdk-amd64/lib/libjimage.so
Event: 0.236 Loaded shared library /usr/lib/jvm/java-21-openjdk-amd64/lib/libverify.so
Event: 0.341 Loaded shared library /usr/lib/jvm/java-21-openjdk-amd64/lib/libnet.so
Event: 0.342 Loaded shared library /root/.gradle/native/c067742578af261105cb4f569cf0c3c89f3d7b1fecec35dd04571415982c5e48/linux-amd64/libnative-platform.so
Event: 0.391 Loaded shared library /root/.gradle/native/38dada09dfb8b06ba9b0570ebf7e218e3eb74d4ef43ca46872605cf95ebc2f47/linux-amd64/libnative-platform-file-events.so
Event: 0.969 Loaded shared library /usr/lib/jvm/java-21-openjdk-amd64/lib/libmanagement.so
Event: 0.970 Loaded shared library /usr/lib/jvm/java-21-openjdk-amd64/lib/libmanagement_ext.so
Event: 1.309 Loaded shared library /usr/lib/jvm/java-21-openjdk-amd64/lib/libextnet.so
Event: 112.008 Loaded shared library /usr/lib/jvm/java-21-openjdk-amd64/lib/librmi.so

Deoptimization events (20 events):
Event: 6442.103 Thread 0x00007424440793a0 DEOPT PACKING pc=0x000074252ae0628e sp=0x00007423c7afa2d0
Event: 6442.103 Thread 0x00007424440793a0 DEOPT UNPACKING pc=0x000074252fd8b72f sp=0x00007423c7af97d8 mode 0
Event: 6442.122 Thread 0x00007424440793a0 DEOPT PACKING pc=0x000074252ae0628e sp=0x00007423c7afa9e0
Event: 6442.122 Thread 0x00007424440793a0 DEOPT UNPACKING pc=0x000074252fd8b72f sp=0x00007423c7af9ee8 mode 0
Event: 6442.132 Thread 0x00007424440793a0 DEOPT PACKING pc=0x000074252ae0628e sp=0x00007423c7afa2d0
Event: 6442.133 Thread 0x00007424440793a0 DEOPT UNPACKING pc=0x000074252fd8b72f sp=0x00007423c7af97d8 mode 0
Event: 6442.142 Thread 0x00007424440793a0 DEOPT PACKING pc=0x000074252ae0628e sp=0x00007423c7afa2d0
Event: 6442.142 Thread 0x00007424440793a0 DEOPT UNPACKING pc=0x000074252fd8b72f sp=0x00007423c7af97d8 mode 0
Event: 6442.201 Thread 0x00007424440793a0 DEOPT PACKING pc=0x000074252ae0628e sp=0x00007423c7afa2d0
Event: 6442.201 Thread 0x00007424440793a0 DEOPT UNPACKING pc=0x000074252fd8b72f sp=0x00007423c7af97d8 mode 0
Event: 6442.216 Thread 0x00007424440793a0 DEOPT PACKING pc=0x000074252ae06184 sp=0x00007423c7afa2d0
Event: 6442.216 Thread 0x00007424440793a0 DEOPT UNPACKING pc=0x000074252fd8b72f sp=0x00007423c7af97d8 mode 0
Event: 6442.243 Thread 0x00007424440793a0 DEOPT PACKING pc=0x000074252ae0628e sp=0x00007423c7afa330
Event: 6442.243 Thread 0x00007424440793a0 DEOPT UNPACKING pc=0x000074252fd8b72f sp=0x00007423c7af9838 mode 0
Event: 6442.260 Thread 0x00007424440793a0 DEOPT PACKING pc=0x000074252ae06184 sp=0x00007423c7afa330
Event: 6442.260 Thread 0x00007424440793a0 DEOPT UNPACKING pc=0x000074252fd8b72f sp=0x00007423c7af9838 mode 0
Event: 6478.866 Thread 0x000074244407bf80 DEOPT PACKING pc=0x000074252912ec73 sp=0x00007424085fadd0
Event: 6478.866 Thread 0x000074244407bf80 DEOPT UNPACKING pc=0x000074252fd8b72f sp=0x00007424085fa300 mode 0
Event: 6502.687 Thread 0x00007424440377b0 DEOPT PACKING pc=0x000074252945719d sp=0x00007423c78fb230
Event: 6502.687 Thread 0x00007424440377b0 DEOPT UNPACKING pc=0x000074252fd8b72f sp=0x00007423c78fa728 mode 0

Classes loaded (20 events):
Event: 6419.276 Loading class java/util/ArrayListBeanInfo
Event: 6419.276 Loading class java/util/ArrayListBeanInfo done
Event: 6419.277 Loading class java/util/AbstractListBeanInfo
Event: 6419.277 Loading class java/util/AbstractListBeanInfo done
Event: 6419.277 Loading class java/util/AbstractListBeanInfo
Event: 6419.277 Loading class java/util/AbstractListBeanInfo done
Event: 6419.277 Loading class java/util/AbstractListCustomizer
Event: 6419.277 Loading class java/util/AbstractListCustomizer done
Event: 6419.277 Loading class java/util/AbstractListCustomizer
Event: 6419.277 Loading class java/util/AbstractListCustomizer done
Event: 6419.280 Loading class java/util/ArrayListCustomizer
Event: 6419.280 Loading class java/util/ArrayListCustomizer done
Event: 6419.281 Loading class java/util/ArrayListCustomizer
Event: 6419.281 Loading class java/util/ArrayListCustomizer done
Event: 6422.186 Loading class java/lang/ProcessBuilder$NullInputStream
Event: 6422.187 Loading class java/lang/ProcessBuilder$NullInputStream done
Event: 6422.830 Loading class sun/net/www/protocol/http/EmptyInputStream
Event: 6422.847 Loading class sun/net/www/protocol/http/EmptyInputStream done
Event: 6437.838 Loading class jdk/internal/reflect/MethodHandleByteFieldAccessorImpl
Event: 6437.855 Loading class jdk/internal/reflect/MethodHandleByteFieldAccessorImpl done

Classes unloaded (20 events):
Event: 6414.301 Thread 0x00007425401175f0 Unloading class 0x00007424cc0f0c00 'java/lang/invoke/LambdaForm$MH+0x00007424cc0f0c00'
Event: 6414.301 Thread 0x00007425401175f0 Unloading class 0x00007424cc0f0800 'java/lang/invoke/LambdaForm$MH+0x00007424cc0f0800'
Event: 6414.301 Thread 0x00007425401175f0 Unloading class 0x00007424cc0edc00 'java/lang/invoke/LambdaForm$MH+0x00007424cc0edc00'
Event: 6414.301 Thread 0x00007425401175f0 Unloading class 0x00007424cc0ed400 'java/lang/invoke/LambdaForm$MH+0x00007424cc0ed400'
Event: 6414.301 Thread 0x00007425401175f0 Unloading class 0x00007424cc0ed000 'java/lang/invoke/LambdaForm$MH+0x00007424cc0ed000'
Event: 6414.301 Thread 0x00007425401175f0 Unloading class 0x00007424cc0ec400 'java/lang/invoke/LambdaForm$MH+0x00007424cc0ec400'
Event: 6414.301 Thread 0x00007425401175f0 Unloading class 0x00007424cc0ec000 'java/lang/invoke/LambdaForm$MH+0x00007424cc0ec000'
Event: 6414.301 Thread 0x00007425401175f0 Unloading class 0x00007424cc0ebc00 'java/lang/invoke/LambdaForm$MH+0x00007424cc0ebc00'
Event: 6414.301 Thread 0x00007425401175f0 Unloading class 0x00007424cc0ea000 'java/lang/invoke/LambdaForm$MH+0x00007424cc0ea000'
Event: 6414.301 Thread 0x00007425401175f0 Unloading class 0x00007424cc0da800 'java/lang/invoke/LambdaForm$MH+0x00007424cc0da800'
Event: 6414.301 Thread 0x00007425401175f0 Unloading class 0x00007424cc0da000 'java/lang/invoke/LambdaForm$MH+0x00007424cc0da000'
Event: 6414.301 Thread 0x00007425401175f0 Unloading class 0x00007424cc0d9c00 'java/lang/invoke/LambdaForm$MH+0x00007424cc0d9c00'
Event: 6414.301 Thread 0x00007425401175f0 Unloading class 0x00007424cc0d9800 'java/lang/invoke/LambdaForm$MH+0x00007424cc0d9800'
Event: 6414.301 Thread 0x00007425401175f0 Unloading class 0x00007424cc0d8c00 'java/lang/invoke/LambdaForm$MH+0x00007424cc0d8c00'
Event: 6414.301 Thread 0x00007425401175f0 Unloading class 0x00007424cc0cc000 'java/lang/invoke/LambdaForm$MH+0x00007424cc0cc000'
Event: 6414.301 Thread 0x00007425401175f0 Unloading class 0x00007424cc095400 'java/lang/invoke/LambdaForm$MH+0x00007424cc095400'
Event: 6414.301 Thread 0x00007425401175f0 Unloading class 0x00007424cc095000 'java/lang/invoke/LambdaForm$MH+0x00007424cc095000'
Event: 6414.301 Thread 0x00007425401175f0 Unloading class 0x00007424cc094800 'java/lang/invoke/LambdaForm$MH+0x00007424cc094800'
Event: 6414.301 Thread 0x00007425401175f0 Unloading class 0x00007424cc094400 'java/lang/invoke/LambdaForm$MH+0x00007424cc094400'
Event: 6414.301 Thread 0x00007425401175f0 Unloading class 0x00007424cc088000 'java/lang/invoke/LambdaForm$DMH+0x00007424cc088000'

Classes redefined (0 events):
No events

Internal exceptions (20 events):
Event: 6442.264 Thread 0x00007424440793a0 Exception <a 'sun/nio/fs/UnixException'{0x0000000734fcc558}> (0x0000000734fcc558) 
thrown [./src/hotspot/share/prims/jni.cpp, line 520]
Event: 6442.815 Thread 0x0000742471637810 Exception <a 'java/io/IOException'{0x0000000734dff968}> (0x0000000734dff968) 
thrown [./src/hotspot/share/prims/jni.cpp, line 520]
Event: 6447.815 Thread 0x0000742471637810 Exception <a 'java/io/IOException'{0x0000000734a06e10}> (0x0000000734a06e10) 
thrown [./src/hotspot/share/prims/jni.cpp, line 520]
Event: 6452.815 Thread 0x0000742471637810 Exception <a 'java/io/IOException'{0x000000073442e9f8}> (0x000000073442e9f8) 
thrown [./src/hotspot/share/prims/jni.cpp, line 520]
Event: 6457.815 Thread 0x0000742471637810 Exception <a 'java/io/IOException'{0x0000000734435c58}> (0x0000000734435c58) 
thrown [./src/hotspot/share/prims/jni.cpp, line 520]
Event: 6462.815 Thread 0x0000742471637810 Exception <a 'java/io/IOException'{0x000000073434ef50}> (0x000000073434ef50) 
thrown [./src/hotspot/share/prims/jni.cpp, line 520]
Event: 6467.815 Thread 0x0000742471637810 Exception <a 'java/io/IOException'{0x0000000733d8e128}> (0x0000000733d8e128) 
thrown [./src/hotspot/share/prims/jni.cpp, line 520]
Event: 6472.815 Thread 0x0000742471637810 Exception <a 'java/io/IOException'{0x000000073acbcad0}> (0x000000073acbcad0) 
thrown [./src/hotspot/share/prims/jni.cpp, line 520]
Event: 6477.815 Thread 0x0000742471637810 Exception <a 'java/io/IOException'{0x000000073acc3ad8}> (0x000000073acc3ad8) 
thrown [./src/hotspot/share/prims/jni.cpp, line 520]
Event: 6480.951 Thread 0x000074244407bf80 Exception <a 'sun/nio/fs/UnixException'{0x000000073a870808}> (0x000000073a870808) 
thrown [./src/hotspot/share/prims/jni.cpp, line 520]
Event: 6493.369 Thread 0x0000742471637810 Exception <a 'java/io/IOException'{0x000000073abb42e8}> (0x000000073abb42e8) 
thrown [./src/hotspot/share/prims/jni.cpp, line 520]
Event: 6493.370 Thread 0x0000742471637810 Exception <a 'java/io/IOException'{0x000000073a6144f0}> (0x000000073a6144f0) 
thrown [./src/hotspot/share/prims/jni.cpp, line 520]
Event: 6493.370 Thread 0x0000742471637810 Exception <a 'java/io/IOException'{0x000000073a70b258}> (0x000000073a70b258) 
thrown [./src/hotspot/share/prims/jni.cpp, line 520]
Event: 6497.815 Thread 0x0000742471637810 Exception <a 'java/io/IOException'{0x000000073a7303b0}> (0x000000073a7303b0) 
thrown [./src/hotspot/share/prims/jni.cpp, line 520]
Event: 6497.974 Thread 0x00007424440377b0 Exception <a 'sun/nio/fs/UnixException'{0x000000073a756cf8}> (0x000000073a756cf8) 
thrown [./src/hotspot/share/prims/jni.cpp, line 520]
Event: 6502.815 Thread 0x0000742471637810 Exception <a 'java/io/IOException'{0x000000073a52e990}> (0x000000073a52e990) 
thrown [./src/hotspot/share/prims/jni.cpp, line 520]
Event: 6507.815 Thread 0x0000742471637810 Exception <a 'java/io/IOException'{0x000000073a2d4408}> (0x000000073a2d4408) 
thrown [./src/hotspot/share/prims/jni.cpp, line 520]
Event: 6512.815 Thread 0x0000742471637810 Exception <a 'java/io/IOException'{0x000000073a2d8190}> (0x000000073a2d8190) 
thrown [./src/hotspot/share/prims/jni.cpp, line 520]
Event: 6517.815 Thread 0x0000742471637810 Exception <a 'java/io/IOException'{0x000000073a2f3380}> (0x000000073a2f3380) 
thrown [./src/hotspot/share/prims/jni.cpp, line 520]
Event: 6521.132 Thread 0x00007424440370a0 Exception <a 'sun/nio/fs/UnixException'{0x000000073a53b948}> (0x000000073a53b948) 
thrown [./src/hotspot/share/prims/jni.cpp, line 520]

ZGC Phase Switch (0 events):
No events

VM Operations (20 events):
Event: 6441.436 Executing safepoint VM operation: G1CollectForAllocation (G1 Evacuation Pause)
Event: 6441.771 Executing safepoint VM operation: G1CollectForAllocation (G1 Evacuation Pause) done
Event: 6441.939 Executing safepoint VM operation: G1CollectForAllocation (G1 Evacuation Pause)
Event: 6441.944 Executing safepoint VM operation: G1CollectForAllocation (G1 Evacuation Pause) done
Event: 6442.944 Executing safepoint VM operation: Cleanup
Event: 6442.944 Executing safepoint VM operation: Cleanup done
Event: 6452.378 Executing non-safepoint VM operation: HandshakeAllThreads (HandshakeForDeflation)
Event: 6452.378 Executing non-safepoint VM operation: HandshakeAllThreads (HandshakeForDeflation) done
Event: 6452.378 Executing non-safepoint VM operation: RendezvousGCThreads
Event: 6452.378 Executing non-safepoint VM operation: RendezvousGCThreads done
Event: 6468.477 Executing safepoint VM operation: G1CollectForAllocation (G1 Evacuation Pause)
Event: 6468.482 Executing safepoint VM operation: G1CollectForAllocation (G1 Evacuation Pause) done
Event: 6481.484 Executing safepoint VM operation: Cleanup
Event: 6493.369 Executing safepoint VM operation: Cleanup done
Event: 6495.369 Executing safepoint VM operation: Cleanup
Event: 6495.369 Executing safepoint VM operation: Cleanup done
Event: 6512.400 Executing non-safepoint VM operation: HandshakeAllThreads (HandshakeForDeflation)
Event: 6515.648 Executing non-safepoint VM operation: HandshakeAllThreads (HandshakeForDeflation) done
Event: 6515.648 Executing non-safepoint VM operation: RendezvousGCThreads
Event: 6515.648 Executing non-safepoint VM operation: RendezvousGCThreads done

Memory protections (20 events):
Event: 6422.717 Protecting memory [0x00007423c6900000,0x00007423c6904000] with protection modes 0
Event: 6422.724 Protecting memory [0x00007423c6700000,0x00007423c6704000] with protection modes 0
Event: 6422.725 Protecting memory [0x00007423c6600000,0x00007423c6604000] with protection modes 0
Event: 6422.725 Protecting memory [0x00007423c6500000,0x00007423c6504000] with protection modes 0
Event: 6422.737 Protecting memory [0x00007423c6300000,0x00007423c6304000] with protection modes 0
Event: 6422.737 Protecting memory [0x00007423c6600000,0x00007423c6604000] with protection modes 0
Event: 6422.737 Protecting memory [0x00007423c6000000,0x00007423c6004000] with protection modes 0
Event: 6422.737 Protecting memory [0x00007423c5e00000,0x00007423c5e04000] with protection modes 0
Event: 6422.738 Protecting memory [0x00007423c5c00000,0x00007423c5c04000] with protection modes 0
Event: 6422.738 Protecting memory [0x00007423c5a00000,0x00007423c5a04000] with protection modes 0
Event: 6422.738 Protecting memory [0x00007423c5900000,0x00007423c5904000] with protection modes 0
Event: 6422.830 Protecting memory [0x00007423c7100000,0x00007423c7104000] with protection modes 0
Event: 6439.636 Protecting memory [0x00007423c7500000,0x00007423c7504000] with protection modes 0
Event: 6439.636 Protecting memory [0x00007423c7d00000,0x00007423c7d04000] with protection modes 0
Event: 6440.025 Protecting memory [0x00007423c7a00000,0x00007423c7a04000] with protection modes 0
Event: 6440.025 Protecting memory [0x00007423c7c00000,0x00007423c7c04000] with protection modes 0
Event: 6440.026 Protecting memory [0x00007423c7800000,0x00007423c7804000] with protection modes 0
Event: 6440.026 Protecting memory [0x0000742408500000,0x0000742408504000] with protection modes 0
Event: 6440.026 Protecting memory [0x00007423c7b00000,0x00007423c7b04000] with protection modes 0
Event: 6440.744 Protecting memory [0x0000742408400000,0x0000742408404000] with protection modes 0

Nmethod flushes (20 events):
Event: 6424.272 Thread 0x00007425401175f0 flushing  nmethod 0x000074252a8f9410
Event: 6424.272 Thread 0x00007425401175f0 flushing  nmethod 0x000074252a944e10
Event: 6424.272 Thread 0x00007425401175f0 flushing  nmethod 0x000074252a948010
Event: 6424.272 Thread 0x00007425401175f0 flushing  nmethod 0x000074252a9e1190
Event: 6424.272 Thread 0x00007425401175f0 flushing  nmethod 0x000074252ab2c390
Event: 6424.272 Thread 0x00007425401175f0 flushing  nmethod 0x000074252ab2ce10
Event: 6424.272 Thread 0x00007425401175f0 flushing  nmethod 0x000074252abef690
Event: 6424.272 Thread 0x00007425401175f0 flushing  nmethod 0x000074252b973a10
Event: 6424.272 Thread 0x00007425401175f0 flushing  nmethod 0x000074252b9e0210
Event: 6424.272 Thread 0x00007425401175f0 flushing  nmethod 0x000074252ba54f10
Event: 6424.272 Thread 0x00007425401175f0 flushing  nmethod 0x000074252baa9190
Event: 6424.272 Thread 0x00007425401175f0 flushing  nmethod 0x000074252bae7510
Event: 6424.272 Thread 0x00007425401175f0 flushing  nmethod 0x000074252bb41a90
Event: 6424.272 Thread 0x00007425401175f0 flushing  nmethod 0x000074252bcd4910
Event: 6424.272 Thread 0x00007425401175f0 flushing  nmethod 0x000074252bcd5010
Event: 6424.272 Thread 0x00007425401175f0 flushing  nmethod 0x000074252be38510
Event: 6424.272 Thread 0x00007425401175f0 flushing  nmethod 0x000074252c145e10
Event: 6424.272 Thread 0x00007425401175f0 flushing  nmethod 0x000074252c5ac110
Event: 6424.272 Thread 0x00007425401175f0 flushing  nmethod 0x000074252c6bcd90
Event: 6424.272 Thread 0x00007425401175f0 flushing  nmethod 0x000074252c6c4c10

Events (20 events):
Event: 6423.465 Thread 0x000074246c028e40 Thread exited: 0x000074246c028e40
Event: 6423.557 Thread 0x000074246c02b550 Thread exited: 0x000074246c02b550
Event: 6423.559 Thread 0x000074246c027900 Thread exited: 0x000074246c027900
Event: 6423.594 Thread 0x000074246c030270 Thread exited: 0x000074246c030270
Event: 6439.636 Thread 0x00007423d4013580 Thread added: 0x0000742444052e60
Event: 6439.636 Thread 0x00007423d4013580 Thread added: 0x000074244407a9d0
Event: 6440.025 Thread 0x00007423d4013580 Thread added: 0x00007424440793a0
Event: 6440.025 Thread 0x00007423d4013580 Thread added: 0x00007424440370a0
Event: 6440.026 Thread 0x00007423d4013580 Thread added: 0x00007424440377b0
Event: 6440.026 Thread 0x00007423d4013580 Thread added: 0x000074244407bf80
Event: 6440.026 Thread 0x00007423d4013580 Thread added: 0x000074244407cda0
Event: 6440.744 Thread 0x0000742540128b90 Thread added: 0x00007424a44eacd0
Event: 6441.771 Thread 0x00007423e80afec0 Thread exited: 0x00007423e80afec0
Event: 6441.772 Thread 0x000074246c03dab0 Thread exited: 0x000074246c03dab0
Event: 6442.849 Thread 0x000074243c006b20 Thread exited: 0x000074243c006b20
Event: 6447.564 Thread 0x00007424a44eacd0 Thread exited: 0x00007424a44eacd0
Event: 6499.381 Thread 0x00007424b9af1730 Thread exited: 0x00007424b9af1730
Event: 6499.381 Thread 0x00007424b9af1e40 Thread exited: 0x00007424b9af1e40
Event: 6499.382 Thread 0x00007424b9a2b540 Thread exited: 0x00007424b9a2b540
Event: 6499.382 Thread 0x000074246c00a300 Thread exited: 0x000074246c00a300


Dynamic libraries:
700000000-792c00000 rw-p 00000000 00:00 0 
792c00000-800000000 ---p 00000000 00:00 0 
5b4250a5e000-5b4250a5f000 r--p 00000000 00:3d 663689                     /usr/lib/jvm/java-21-openjdk-amd64/bin/java
5b4250a5f000-5b4250a60000 r-xp 00001000 00:3d 663689                     /usr/lib/jvm/java-21-openjdk-amd64/bin/java
5b4250a60000-5b4250a61000 r--p 00002000 00:3d 663689                     /usr/lib/jvm/java-21-openjdk-amd64/bin/java
5b4250a61000-5b4250a62000 r--p 00002000 00:3d 663689                     /usr/lib/jvm/java-21-openjdk-amd64/bin/java
5b4250a62000-5b4250a63000 rw-p 00003000 00:3d 663689                     /usr/lib/jvm/java-21-openjdk-amd64/bin/java
5b42744b0000-5b4274562000 rw-p 00000000 00:00 0                          [heap]
7423c5900000-7423c5904000 ---p 00000000 00:00 0 
7423c5904000-7423c5a00000 rw-p 00000000 00:00 0 
7423c5a00000-7423c5a04000 ---p 00000000 00:00 0 
7423c5a04000-7423c5b00000 rw-p 00000000 00:00 0 
7423c5b00000-7423c5b04000 ---p 00000000 00:00 0 
7423c5b04000-7423c5c00000 rw-p 00000000 00:00 0 
7423c5c00000-7423c5c04000 ---p 00000000 00:00 0 
7423c5c04000-7423c5d00000 rw-p 00000000 00:00 0 
7423c5d00000-7423c5d04000 ---p 00000000 00:00 0 
7423c5d04000-7423c5e00000 rw-p 00000000 00:00 0 
7423c5e00000-7423c5e04000 ---p 00000000 00:00 0 
7423c5e04000-7423c5f00000 rw-p 00000000 00:00 0 
7423c5f00000-7423c5f04000 ---p 00000000 00:00 0 
7423c5f04000-7423c6000000 rw-p 00000000 00:00 0 
7423c6000000-7423c6004000 ---p 00000000 00:00 0 
7423c6004000-7423c6100000 rw-p 00000000 00:00 0 
7423c6100000-7423c6104000 ---p 00000000 00:00 0 
7423c6104000-7423c6200000 rw-p 00000000 00:00 0 
7423c6200000-7423c6204000 ---p 00000000 00:00 0 
7423c6204000-7423c6300000 rw-p 00000000 00:00 0 
7423c6300000-7423c6304000 ---p 00000000 00:00 0 
7423c6304000-7423c6400000 rw-p 00000000 00:00 0 
7423c6400000-7423c6404000 ---p 00000000 00:00 0 
7423c6404000-7423c6500000 rw-p 00000000 00:00 0 
7423c6500000-7423c6504000 ---p 00000000 00:00 0 
7423c6504000-7423c6600000 rw-p 00000000 00:00 0 
7423c6600000-7423c6604000 ---p 00000000 00:00 0 
7423c6604000-7423c6700000 rw-p 00000000 00:00 0 
7423c6700000-7423c6704000 ---p 00000000 00:00 0 
7423c6704000-7423c6800000 rw-p 00000000 00:00 0 
7423c6800000-7423c6804000 ---p 00000000 00:00 0 
7423c6804000-7423c6900000 rw-p 00000000 00:00 0 
7423c6900000-7423c6904000 ---p 00000000 00:00 0 
7423c6904000-7423c6a00000 rw-p 00000000 00:00 0 
7423c6a00000-7423c6a04000 ---p 00000000 00:00 0 
7423c6a04000-7423c6b00000 rw-p 00000000 00:00 0 
7423c6b00000-7423c6b04000 ---p 00000000 00:00 0 
7423c6b04000-7423c6c00000 rw-p 00000000 00:00 0 
7423c6c00000-7423c6c04000 ---p 00000000 00:00 0 
7423c6c04000-7423c6d00000 rw-p 00000000 00:00 0 
7423c6d00000-7423c6d04000 ---p 00000000 00:00 0 
7423c6d04000-7423c6e00000 rw-p 00000000 00:00 0 
7423c6e00000-7423c6e04000 ---p 00000000 00:00 0 
7423c6e04000-7423c6f00000 rw-p 00000000 00:00 0 
7423c6f00000-7423c6f04000 ---p 00000000 00:00 0 
7423c6f04000-7423c7000000 rw-p 00000000 00:00 0 
7423c7000000-7423c7004000 ---p 00000000 00:00 0 
7423c7004000-7423c7100000 rw-p 00000000 00:00 0 
7423c7100000-7423c7104000 ---p 00000000 00:00 0 
7423c7104000-7423c7200000 rw-p 00000000 00:00 0 
7423c7200000-7423c7204000 ---p 00000000 00:00 0 
7423c7204000-7423c7300000 rw-p 00000000 00:00 0 
7423c7300000-7423c7304000 ---p 00000000 00:00 0 
7423c7304000-7423c7400000 rw-p 00000000 00:00 0 
7423c7400000-7423c7404000 ---p 00000000 00:00 0 
7423c7404000-7423c7500000 rw-p 00000000 00:00 0 
7423c7500000-7423c7504000 ---p 00000000 00:00 0 
7423c7504000-7423c7600000 rw-p 00000000 00:00 0 
7423c7600000-7423c7604000 ---p 00000000 00:00 0 
7423c7604000-7423c7700000 rw-p 00000000 00:00 0 
7423c7700000-7423c7704000 ---p 00000000 00:00 0 
7423c7704000-7423c7800000 rw-p 00000000 00:00 0 
7423c7800000-7423c7804000 ---p 00000000 00:00 0 
7423c7804000-7423c7900000 rw-p 00000000 00:00 0 
7423c7900000-7423c7904000 ---p 00000000 00:00 0 
7423c7904000-7423c7a00000 rw-p 00000000 00:00 0 
7423c7a00000-7423c7a04000 ---p 00000000 00:00 0 
7423c7a04000-7423c7b00000 rw-p 00000000 00:00 0 
7423c7b00000-7423c7b04000 ---p 00000000 00:00 0 
7423c7b04000-7423c7c00000 rw-p 00000000 00:00 0 
7423c7c00000-7423c7c04000 ---p 00000000 00:00 0 
7423c7c04000-7423c7d00000 rw-p 00000000 00:00 0 
7423c7d00000-7423c7d04000 ---p 00000000 00:00 0 
7423c7d04000-7423c7e00000 rw-p 00000000 00:00 0 
7423c7e00000-7423c7e04000 ---p 00000000 00:00 0 
7423c7e04000-7423c7f00000 rw-p 00000000 00:00 0 
7423c7f00000-7423c7f04000 ---p 00000000 00:00 0 
7423c7f04000-7423c8000000 rw-p 00000000 00:00 0 
7423c8000000-7423c8300000 rw-p 00000000 00:00 0 
7423c8300000-7423c8500000 rw-p 00000000 00:00 0 
7423c8500000-7423c8580000 rw-p 00000000 00:00 0 
7423c8580000-7423c85a0000 rw-p 00000000 00:00 0 
7423c85a0000-7423c8600000 rw-p 00000000 00:00 0 
7423c8600000-7423c8620000 rw-p 00000000 00:00 0 
7423c8620000-7423c8700000 rw-p 00000000 00:00 0 
7423c8700000-7423c8800000 ---p 00000000 00:00 0 
7423c8800000-7423c8880000 rw-p 00000000 00:00 0 
7423c8880000-7423c8d00000 rw-p 00000000 00:00 0 
7423c8d00000-7423c8e00000 rw-p 00000000 00:00 0 
7423c8e00000-7423ca100000 rw-p 00000000 00:00 0 
7423ca100000-7423ca200000 rw-p 00000000 00:00 0 
7423ca200000-7423cae00000 rw-p 00000000 00:00 0 
7423cae00000-7423cb780000 rw-p 00000000 00:00 0 
7423cb780000-7423cb980000 rw-p 00000000 00:00 0 
7423cb980000-7423cb9d0000 rw-p 00000000 00:00 0 
7423cb9d0000-7423cc000000 ---p 00000000 00:00 0 
7423cc000000-7423cc114000 rw-p 00000000 00:00 0 
7423cc114000-7423d0000000 ---p 00000000 00:00 0 
7423d0000000-7423d058a000 rw-p 00000000 00:00 0 
7423d058a000-7423d4000000 ---p 00000000 00:00 0 
7423d4000000-7423d49f3000 rw-p 00000000 00:00 0 
7423d49f3000-7423d8000000 ---p 00000000 00:00 0 
7423d8000000-7423d8b72000 rw-p 00000000 00:00 0 
7423d8b72000-7423dc000000 ---p 00000000 00:00 0 
7423dc000000-7423dc0e7000 rw-p 00000000 00:00 0 
7423dc0e7000-7423e0000000 ---p 00000000 00:00 0 
7423e0000000-7423e06c3000 rw-p 00000000 00:00 0 
7423e06c3000-7423e4000000 ---p 00000000 00:00 0 
7423e4000000-7423e403f000 rw-p 00000000 00:00 0 
7423e403f000-7423e8000000 ---p 00000000 00:00 0 
7423e8000000-7423e81b9000 rw-p 00000000 00:00 0 
7423e81b9000-7423ec000000 ---p 00000000 00:00 0 
7423ec000000-7423ec437000 rw-p 00000000 00:00 0 
7423ec437000-7423f0000000 ---p 00000000 00:00 0 
7423f0000000-7423f00ae000 rw-p 00000000 00:00 0 
7423f00ae000-7423f4000000 ---p 00000000 00:00 0 
7423f4000000-7423f41ec000 rw-p 00000000 00:00 0 
7423f41ec000-7423f8000000 ---p 00000000 00:00 0 
7423f8000000-7423f8f3e000 rw-p 00000000 00:00 0 
7423f8f3e000-7423fc000000 ---p 00000000 00:00 0 
7423fc000000-7423fd4e4000 rw-p 00000000 00:00 0 
7423fd4e4000-742400000000 ---p 00000000 00:00 0 
742400000000-74240006a000 rw-p 00000000 00:00 0 
74240006a000-742404000000 ---p 00000000 00:00 0 
742404000000-742405345000 rw-p 00000000 00:00 0 
742405345000-742408000000 ---p 00000000 00:00 0 
742408000000-742408004000 ---p 00000000 00:00 0 
742408004000-742408100000 rw-p 00000000 00:00 0 
742408100000-742408104000 ---p 00000000 00:00 0 
742408104000-742408200000 rw-p 00000000 00:00 0 
742408200000-742408204000 ---p 00000000 00:00 0 
742408204000-742408300000 rw-p 00000000 00:00 0 
742408300000-742408304000 ---p 00000000 00:00 0 
742408304000-742408400000 rw-p 00000000 00:00 0 
742408400000-742408404000 ---p 00000000 00:00 0 
742408404000-742408500000 rw-p 00000000 00:00 0 
742408500000-742408504000 ---p 00000000 00:00 0 
742408504000-742408600000 rw-p 00000000 00:00 0 
742408600000-742408604000 ---p 00000000 00:00 0 
742408604000-742408700000 rw-p 00000000 00:00 0 
742408700000-742408704000 ---p 00000000 00:00 0 
742408704000-742408800000 rw-p 00000000 00:00 0 
742408800000-742408804000 ---p 00000000 00:00 0 
742408804000-742408900000 rw-p 00000000 00:00 0 
742408900000-742408904000 ---p 00000000 00:00 0 
742408904000-742408a00000 rw-p 00000000 00:00 0 
742408a00000-742408a04000 ---p 00000000 00:00 0 
742408a04000-742408b00000 rw-p 00000000 00:00 0 
742408b00000-742408b04000 ---p 00000000 00:00 0 
742408b04000-742408c00000 rw-p 00000000 00:00 0 
742408c00000-742408c04000 ---p 00000000 00:00 0 
742408c04000-742408d00000 rw-p 00000000 00:00 0 
742408d00000-742408d04000 ---p 00000000 00:00 0 
742408d04000-742408e00000 rw-p 00000000 00:00 0 
742408e00000-742408e04000 ---p 00000000 00:00 0 
742408e04000-742408f00000 rw-p 00000000 00:00 0 
742408f00000-742408f04000 ---p 00000000 00:00 0 
742408f04000-742409000000 rw-p 00000000 00:00 0 
742409000000-742409004000 ---p 00000000 00:00 0 
742409004000-742409100000 rw-p 00000000 00:00 0 
742409100000-742409104000 ---p 00000000 00:00 0 
742409104000-742409200000 rw-p 00000000 00:00 0 
742409200000-742409204000 ---p 00000000 00:00 0 
742409204000-742409300000 rw-p 00000000 00:00 0 
742409300000-742409304000 ---p 00000000 00:00 0 
742409304000-742409400000 rw-p 00000000 00:00 0 
742409400000-742409404000 ---p 00000000 00:00 0 
742409404000-742409500000 rw-p 00000000 00:00 0 
742409500000-742409504000 ---p 00000000 00:00 0 
742409504000-742409600000 rw-p 00000000 00:00 0 
742409600000-742409604000 ---p 00000000 00:00 0 
742409604000-742409700000 rw-p 00000000 00:00 0 
742409700000-742409704000 ---p 00000000 00:00 0 
742409704000-742409800000 rw-p 00000000 00:00 0 
742409800000-742409804000 ---p 00000000 00:00 0 
742409804000-742409900000 rw-p 00000000 00:00 0 
742409900000-742409904000 ---p 00000000 00:00 0 
742409904000-742409a00000 rw-p 00000000 00:00 0 
742409a00000-742409a04000 ---p 00000000 00:00 0 
742409a04000-742409b00000 rw-p 00000000 00:00 0 
742409b00000-742409b04000 ---p 00000000 00:00 0 
742409b04000-742409c00000 rw-p 00000000 00:00 0 
742409c00000-742409c04000 ---p 00000000 00:00 0 
742409c04000-742409d00000 rw-p 00000000 00:00 0 
742409d00000-742409d04000 ---p 00000000 00:00 0 
742409d04000-742409e00000 rw-p 00000000 00:00 0 
742409e00000-742409e04000 ---p 00000000 00:00 0 
742409e04000-742409f00000 rw-p 00000000 00:00 0 
742409f00000-742409f04000 ---p 00000000 00:00 0 
742409f04000-74240a000000 rw-p 00000000 00:00 0 
74240a000000-74240a004000 ---p 00000000 00:00 0 
74240a004000-74240a100000 rw-p 00000000 00:00 0 
74240a100000-74240a104000 ---p 00000000 00:00 0 
74240a104000-74240a200000 rw-p 00000000 00:00 0 
74240a200000-74240a204000 ---p 00000000 00:00 0 
74240a204000-74240a300000 rw-p 00000000 00:00 0 
74240a300000-74240a304000 ---p 00000000 00:00 0 
74240a304000-74240a400000 rw-p 00000000 00:00 0 
74240a400000-74240a404000 ---p 00000000 00:00 0 
74240a404000-74240a500000 rw-p 00000000 00:00 0 
74240a500000-74240a504000 ---p 00000000 00:00 0 
74240a504000-74240a600000 rw-p 00000000 00:00 0 
74240a600000-74240a604000 ---p 00000000 00:00 0 
74240a604000-74240a700000 rw-p 00000000 00:00 0 
74240a700000-74240a704000 ---p 00000000 00:00 0 
74240a704000-74240a800000 rw-p 00000000 00:00 0 
74240a800000-74240a804000 ---p 00000000 00:00 0 
74240a804000-74240a900000 rw-p 00000000 00:00 0 
74240a900000-74240a904000 ---p 00000000 00:00 0 
74240a904000-74240aa00000 rw-p 00000000 00:00 0 
74240aa00000-74240aa04000 ---p 00000000 00:00 0 
74240aa04000-74240ab00000 rw-p 00000000 00:00 0 
74240ab00000-74240ab04000 ---p 00000000 00:00 0 
74240ab04000-74240ac00000 rw-p 00000000 00:00 0 
74240ac00000-74240ac04000 ---p 00000000 00:00 0 
74240ac04000-74240ad00000 rw-p 00000000 00:00 0 
74240ad00000-74240ad04000 ---p 00000000 00:00 0 
74240ad04000-74240ae00000 rw-p 00000000 00:00 0 
74240ae00000-74240ae04000 ---p 00000000 00:00 0 
74240ae04000-74240af00000 rw-p 00000000 00:00 0 
74240af00000-74240af04000 ---p 00000000 00:00 0 
74240af04000-74240b000000 rw-p 00000000 00:00 0 
74240b000000-74240d4c0000 rw-p 00000000 00:00 0 
74240d4c0000-74240d500000 rw-p 00000000 00:00 0 
74240d500000-74240d700000 rw-p 00000000 00:00 0 
74240d700000-74240d900000 rw-p 00000000 00:00 0 
74240d900000-74240d940000 rw-p 00000000 00:00 0 
74240d940000-74240d980000 rw-p 00000000 00:00 0 
74240d980000-74240da80000 rw-p 00000000 00:00 0 
74240da80000-74240db00000 rw-p 00000000 00:00 0 
74240db00000-74240dd00000 rw-p 00000000 00:00 0 
74240dd00000-74240de00000 rw-p 00000000 00:00 0 
74240de00000-74240e100000 rw-p 00000000 00:00 0 
74240e100000-74240e200000 rw-p 00000000 00:00 0 
74240e200000-74240e500000 rw-p 00000000 00:00 0 
74240e500000-74240e600000 rw-p 00000000 00:00 0 
74240e600000-74240f000000 rw-p 00000000 00:00 0 
74240f0af000-74240f0b3000 ---p 00000000 00:00 0 
74240f0b3000-74240f1af000 rw-p 00000000 00:00 0 
74240f1af000-74240f1b3000 ---p 00000000 00:00 0 
74240f1b3000-74240f2af000 rw-p 00000000 00:00 0 
74240f2af000-74240f2b3000 ---p 00000000 00:00 0 
74240f2b3000-74240f3af000 rw-p 00000000 00:00 0 
74240f3af000-74240f3b3000 ---p 00000000 00:00 0 
74240f3b3000-74240f4af000 rw-p 00000000 00:00 0 
74240f4af000-74240f4b3000 ---p 00000000 00:00 0 
74240f4b3000-74240f5af000 rw-p 00000000 00:00 0 
74240f5af000-74240f5b3000 ---p 00000000 00:00 0 
74240f5b3000-74240f6af000 rw-p 00000000 00:00 0 
74240f6af000-74240f6b3000 ---p 00000000 00:00 0 
74240f6b3000-74240f7af000 rw-p 00000000 00:00 0 
74240f7af000-74240f7b3000 ---p 00000000 00:00 0 
74240f7b3000-74240f8af000 rw-p 00000000 00:00 0 
74240f8af000-74240f8b3000 ---p 00000000 00:00 0 
74240f8b3000-74240f9af000 rw-p 00000000 00:00 0 
74240f9af000-742418000000 r--s 00000000 00:3d 664038                     /usr/lib/jvm/java-21-openjdk-amd64/lib/modules
742418000000-742418f27000 rw-p 00000000 00:00 0 
742418f27000-74241c000000 ---p 00000000 00:00 0 
74241c000000-74241c28e000 rw-p 00000000 00:00 0 
74241c28e000-742420000000 ---p 00000000 00:00 0 
742420000000-74242066e000 rw-p 00000000 00:00 0 
74242066e000-742424000000 ---p 00000000 00:00 0 
742424000000-742425b5e000 rw-p 00000000 00:00 0 
742425b5e000-742428000000 ---p 00000000 00:00 0 
742428000000-742428554000 rw-p 00000000 00:00 0 
742428554000-74242c000000 ---p 00000000 00:00 0 
74242c000000-74242c078000 rw-p 00000000 00:00 0 
74242c078000-742430000000 ---p 00000000 00:00 0 
742430000000-742430b86000 rw-p 00000000 00:00 0 
742430b86000-742434000000 ---p 00000000 00:00 0 
742434000000-742434443000 rw-p 00000000 00:00 0 
742434443000-742438000000 ---p 00000000 00:00 0 
742438000000-742438021000 rw-p 00000000 00:00 0 
742438021000-74243c000000 ---p 00000000 00:00 0 
74243c000000-74243c057000 rw-p 00000000 00:00 0 
74243c057000-742440000000 ---p 00000000 00:00 0 
742440000000-74244019f000 rw-p 00000000 00:00 0 
74244019f000-742444000000 ---p 00000000 00:00 0 
742444000000-7424441e9000 rw-p 00000000 00:00 0 
7424441e9000-742448000000 ---p 00000000 00:00 0 
742448000000-742448091000 rw-p 00000000 00:00 0 
742448091000-74244c000000 ---p 00000000 00:00 0 
74244c000000-74244cff6000 rw-p 00000000 00:00 0 
74244cff6000-742450000000 ---p 00000000 00:00 0 
742450000000-742450044000 rw-p 00000000 00:00 0 
742450044000-742454000000 ---p 00000000 00:00 0 
742454000000-74245409f000 rw-p 00000000 00:00 0 
74245409f000-742458000000 ---p 00000000 00:00 0 
742458000000-742458025000 rw-p 00000000 00:00 0 
742458025000-74245c000000 ---p 00000000 00:00 0 
74245c000000-74245c2c0000 rw-p 00000000 00:00 0 
74245c2c0000-742460000000 ---p 00000000 00:00 0 
742460000000-7424604c2000 rw-p 00000000 00:00 0 
7424604c2000-742464000000 ---p 00000000 00:00 0 
742464000000-742464021000 rw-p 00000000 00:00 0 
742464021000-742468000000 ---p 00000000 00:00 0 
742468000000-742468021000 rw-p 00000000 00:00 0 
742468021000-74246c000000 ---p 00000000 00:00 0 
74246c000000-74246c221000 rw-p 00000000 00:00 0 
74246c221000-742470000000 ---p 00000000 00:00 0 
742470000000-742473ffc000 rw-p 00000000 00:00 0 
742473ffc000-742474000000 ---p 00000000 00:00 0 
742474000000-742474026000 rw-p 00000000 00:00 0 
742474026000-742478000000 ---p 00000000 00:00 0 
742478000000-742478070000 rw-p 00000000 00:00 0 
742478070000-74247c000000 ---p 00000000 00:00 0 
74247c000000-74247c021000 rw-p 00000000 00:00 0 
74247c021000-742480000000 ---p 00000000 00:00 0 
742480000000-742480021000 rw-p 00000000 00:00 0 
742480021000-742484000000 ---p 00000000 00:00 0 
742484000000-742484033000 rw-p 00000000 00:00 0 
742484033000-742488000000 ---p 00000000 00:00 0 
742488000000-74248803e000 rw-p 00000000 00:00 0 
74248803e000-74248c000000 ---p 00000000 00:00 0 
74248c000000-74248c053000 rw-p 00000000 00:00 0 
74248c053000-742490000000 ---p 00000000 00:00 0 
742490000000-742490094000 rw-p 00000000 00:00 0 
742490094000-742494000000 ---p 00000000 00:00 0 
742494000000-742494076000 rw-p 00000000 00:00 0 
742494076000-742498000000 ---p 00000000 00:00 0 
742498000000-7424985cd000 rw-p 00000000 00:00 0 
7424985cd000-74249c000000 ---p 00000000 00:00 0 
74249c000000-74249c1b3000 rw-p 00000000 00:00 0 
74249c1b3000-7424a0000000 ---p 00000000 00:00 0 
7424a0000000-7424a3427000 rw-p 00000000 00:00 0 
7424a3427000-7424a4000000 ---p 00000000 00:00 0 
7424a4000000-7424a521b000 rw-p 00000000 00:00 0 
7424a521b000-7424a8000000 ---p 00000000 00:00 0 
7424a8000000-7424a9a23000 rw-p 00000000 00:00 0 
7424a9a23000-7424ac000000 ---p 00000000 00:00 0 
7424ac000000-7424ac021000 rw-p 00000000 00:00 0 
7424ac021000-7424b0000000 ---p 00000000 00:00 0 
7424b0000000-7424b022c000 rw-p 00000000 00:00 0 
7424b022c000-7424b4000000 ---p 00000000 00:00 0 
7424b4000000-7424b4021000 rw-p 00000000 00:00 0 
7424b4021000-7424b8000000 ---p 00000000 00:00 0 
7424b8000000-7424b9bc3000 rw-p 00000000 00:00 0 
7424b9bc3000-7424bc000000 ---p 00000000 00:00 0 
7424bc000000-7424bc05d000 rw-p 00000000 00:00 0 
7424bc05d000-7424c0000000 ---p 00000000 00:00 0 
7424c0000000-7424c0400000 rw-p 00000000 00:00 0 
7424c0400000-7424c0800000 rw-p 00000000 00:00 0 
7424c0800000-7424c0900000 rw-p 00000000 00:00 0 
7424c0900000-7424c0a00000 rw-p 00000000 00:00 0 
7424c0a00000-7424c1000000 rw-p 00000000 00:00 0 
7424c1000000-7424c1b00000 rw-p 00000000 00:00 0 
7424c1b00000-7424c1d00000 rw-p 00000000 00:00 0 
7424c1d00000-7424c1e00000 rw-p 00000000 00:00 0 
7424c1e00000-7424c2700000 rw-p 00000000 00:00 0 
7424c2700000-7424c2800000 rw-p 00000000 00:00 0 
7424c2800000-7424c4000000 rw-p 00000000 00:00 0 
7424c4000000-7424c4054000 rw-p 00000000 00:00 0 
7424c4054000-7424c8000000 ---p 00000000 00:00 0 
7424c80fa000-7424c80fe000 ---p 00000000 00:00 0 
7424c80fe000-7424c81fa000 rw-p 00000000 00:00 0 
7424c81fa000-7424c81fe000 ---p 00000000 00:00 0 
7424c81fe000-7424c82fa000 rw-p 00000000 00:00 0 
7424c82fa000-7424c82fe000 ---p 00000000 00:00 0 
7424c82fe000-7424c83fa000 rw-p 00000000 00:00 0 
7424c83fa000-7424c83fe000 ---p 00000000 00:00 0 
7424c83fe000-7424c84fa000 rw-p 00000000 00:00 0 
7424c84fa000-7424c84fe000 ---p 00000000 00:00 0 
7424c84fe000-7424c85fa000 rw-p 00000000 00:00 0 
7424c85fa000-7424c85fe000 ---p 00000000 00:00 0 
7424c85fe000-7424c86fa000 rw-p 00000000 00:00 0 
7424c86fa000-7424c86fe000 ---p 00000000 00:00 0 
7424c86fe000-7424c87fa000 rw-p 00000000 00:00 0 
7424c87fa000-7424c87fe000 ---p 00000000 00:00 0 
7424c87fe000-7424c88fa000 rw-p 00000000 00:00 0 
7424c88fa000-7424c88fe000 ---p 00000000 00:00 0 
7424c88fe000-7424c89fa000 rw-p 00000000 00:00 0 
7424c89fa000-7424c89fe000 ---p 00000000 00:00 0 
7424c89fe000-7424c8afa000 rw-p 00000000 00:00 0 
7424c8afa000-7424c8afe000 ---p 00000000 00:00 0 
7424c8afe000-7424c8bfa000 rw-p 00000000 00:00 0 
7424c8bfa000-7424c8bfe000 ---p 00000000 00:00 0 
7424c8bfe000-7424c8cfa000 rw-p 00000000 00:00 0 
7424c8cfa000-7424c8cfe000 ---p 00000000 00:00 0 
7424c8cfe000-7424c8dfa000 rw-p 00000000 00:00 0 
7424c8dfa000-7424c8dfe000 ---p 00000000 00:00 0 
7424c8dfe000-7424c8efa000 rw-p 00000000 00:00 0 
7424c8efa000-7424c8efe000 ---p 00000000 00:00 0 
7424c8efe000-7424c8ffa000 rw-p 00000000 00:00 0 
7424c8ffa000-7424c8ffb000 ---p 00000000 00:00 0 
7424c8ffb000-7424c90fb000 rw-p 00000000 00:00 0 
7424c90fb000-7424c90ff000 ---p 00000000 00:00 0 
7424c90ff000-7424c91fb000 rw-p 00000000 00:00 0 
7424c91fb000-7424c91fc000 ---p 00000000 00:00 0 
7424c91fc000-7424c92fc000 rw-p 00000000 00:00 0 
7424c92fc000-7424c92fd000 ---p 00000000 00:00 0 
7424c92fd000-7424c93fd000 rw-p 00000000 00:00 0 
7424c93fd000-7424c93fe000 ---p 00000000 00:00 0 
7424c93fe000-7424c94fe000 rw-p 00000000 00:00 0 
7424c94fe000-7424c94ff000 ---p 00000000 00:00 0 
7424c94ff000-7424c95ff000 rw-p 00000000 00:00 0 
7424c95ff000-7424c9600000 ---p 00000000 00:00 0 
7424c9600000-7424c9700000 rw-p 00000000 00:00 0 
7424c9700000-7424c9704000 ---p 00000000 00:00 0 
7424c9704000-7424c9800000 rw-p 00000000 00:00 0 
7424c9800000-7424c9804000 ---p 00000000 00:00 0 
7424c9804000-7424c9900000 rw-p 00000000 00:00 0 
7424c9900000-7424c9904000 ---p 00000000 00:00 0 
7424c9904000-7424c9a00000 rw-p 00000000 00:00 0 
7424c9a00000-7424c9a04000 ---p 00000000 00:00 0 
7424c9a04000-7424c9b00000 rw-p 00000000 00:00 0 
7424c9b00000-7424c9b04000 ---p 00000000 00:00 0 
7424c9b04000-7424c9c00000 rw-p 00000000 00:00 0 
7424c9c00000-7424c9c04000 ---p 00000000 00:00 0 
7424c9c04000-7424c9d00000 rw-p 00000000 00:00 0 
7424c9d00000-7424c9d04000 ---p 00000000 00:00 0 
7424c9d04000-7424c9e00000 rw-p 00000000 00:00 0 
7424c9e00000-7424c9e04000 ---p 00000000 00:00 0 
7424c9e04000-7424c9f00000 rw-p 00000000 00:00 0 
7424c9f00000-7424c9f04000 ---p 00000000 00:00 0 
7424c9f04000-7424ca000000 rw-p 00000000 00:00 0 
7424ca000000-7424ca004000 ---p 00000000 00:00 0 
7424ca004000-7424ca100000 rw-p 00000000 00:00 0 
7424ca100000-7424ca104000 ---p 00000000 00:00 0 
7424ca104000-7424ca200000 rw-p 00000000 00:00 0 
7424ca200000-7424ca204000 ---p 00000000 00:00 0 
7424ca204000-7424ca300000 rw-p 00000000 00:00 0 
7424ca300000-7424ca304000 ---p 00000000 00:00 0 
7424ca304000-7424ca400000 rw-p 00000000 00:00 0 
7424ca400000-7424ca453000 r-xp 00000000 00:3d 1205705                    /root/.gradle/native/38dada09dfb8b06ba9b0570ebf7e218e3eb74d4ef43ca46872605cf95ebc2f47/linux-amd64/libnative-platform-file-events.so
7424ca453000-7424ca652000 ---p 00053000 00:3d 1205705                    /root/.gradle/native/38dada09dfb8b06ba9b0570ebf7e218e3eb74d4ef43ca46872605cf95ebc2f47/linux-amd64/libnative-platform-file-events.so
7424ca652000-7424ca653000 r--p 00052000 00:3d 1205705                    /root/.gradle/native/38dada09dfb8b06ba9b0570ebf7e218e3eb74d4ef43ca46872605cf95ebc2f47/linux-amd64/libnative-platform-file-events.so
7424ca653000-7424ca655000 rw-p 00053000 00:3d 1205705                    /root/.gradle/native/38dada09dfb8b06ba9b0570ebf7e218e3eb74d4ef43ca46872605cf95ebc2f47/linux-amd64/libnative-platform-file-events.so
7424ca6ff000-7424ca700000 ---p 00000000 00:00 0 
7424ca700000-7424ca800000 rw-p 00000000 00:00 0 
7424ca800000-7424ca805000 r-xp 00000000 00:3d 1205683                    /root/.gradle/native/c067742578af261105cb4f569cf0c3c89f3d7b1fecec35dd04571415982c5e48/linux-amd64/libnative-platform.so
7424ca805000-7424caa05000 ---p 00005000 00:3d 1205683                    /root/.gradle/native/c067742578af261105cb4f569cf0c3c89f3d7b1fecec35dd04571415982c5e48/linux-amd64/libnative-platform.so
7424caa05000-7424caa06000 r--p 00005000 00:3d 1205683                    /root/.gradle/native/c067742578af261105cb4f569cf0c3c89f3d7b1fecec35dd04571415982c5e48/linux-amd64/libnative-platform.so
7424caa06000-7424caa07000 rw-p 00006000 00:3d 1205683                    /root/.gradle/native/c067742578af261105cb4f569cf0c3c89f3d7b1fecec35dd04571415982c5e48/linux-amd64/libnative-platform.so
7424caaff000-7424cab00000 ---p 00000000 00:00 0 
7424cab00000-7424cac00000 rw-p 00000000 00:00 0 
7424cac00000-7424cac04000 ---p 00000000 00:00 0 
7424cac04000-7424cad00000 rw-p 00000000 00:00 0 
7424cad00000-7424cad04000 ---p 00000000 00:00 0 
7424cad04000-7424cae00000 rw-p 00000000 00:00 0 
7424cae00000-7424cae04000 ---p 00000000 00:00 0 
7424cae04000-7424caf00000 rw-p 00000000 00:00 0 
7424caf00000-7424caf04000 ---p 00000000 00:00 0 
7424caf04000-7424cb000000 rw-p 00000000 00:00 0 
7424cb000000-7424cb481000 rw-p 00001000 00:3d 664047                     /usr/lib/jvm/java-21-openjdk-amd64/lib/server/classes.jsa
7424cb481000-7424cbc9c000 rw-p 00482000 00:3d 664047                     /usr/lib/jvm/java-21-openjdk-amd64/lib/server/classes.jsa
7424cbc9c000-7424cc000000 ---p 00000000 00:00 0 
7424cc000000-7424cc040000 rw-p 00000000 00:00 0 
7424cc040000-7424cc080000 rw-p 00000000 00:00 0 
7424cc080000-7424cc140000 rw-p 00000000 00:00 0 
7424cc140000-7424cc180000 rw-p 00000000 00:00 0 
7424cc180000-7424cc4e0000 rw-p 00000000 00:00 0 
7424cc4e0000-7424cc540000 rw-p 00000000 00:00 0 
7424cc540000-7424cc580000 rw-p 00000000 00:00 0 
7424cc580000-7424cd040000 rw-p 00000000 00:00 0 
7424cd040000-7424cd0c0000 rw-p 00000000 00:00 0 
7424cd0c0000-7424cd140000 rw-p 00000000 00:00 0 
7424cd140000-7424cd180000 rw-p 00000000 00:00 0 
7424cd180000-7424cd460000 rw-p 00000000 00:00 0 
7424cd460000-7424cd470000 ---p 00000000 00:00 0 
7424cd470000-7424cd480000 rw-p 00000000 00:00 0 
7424cd480000-7424cd490000 ---p 00000000 00:00 0 
7424cd490000-7424cd4a0000 rw-p 00000000 00:00 0 
7424cd4a0000-7424cd4c0000 ---p 00000000 00:00 0 
7424cd4c0000-7424cd560000 rw-p 00000000 00:00 0 
7424cd560000-7424cda00000 rw-p 00000000 00:00 0 
7424cda00000-7424cdbe0000 rw-p 00000000 00:00 0 
7424cdbe0000-74250c000000 ---p 00000000 00:00 0 
74250c000000-74250c021000 rw-p 00000000 00:00 0 
74250c021000-742510000000 ---p 00000000 00:00 0 
742510000000-742510021000 rw-p 00000000 00:00 0 
742510021000-742514000000 ---p 00000000 00:00 0 
742514000000-742514098000 rw-p 00000000 00:00 0 
742514098000-742518000000 ---p 00000000 00:00 0 
742518000000-742518090000 rw-p 00000000 00:00 0 
742518090000-74251c000000 ---p 00000000 00:00 0 
74251c000000-74251c13a000 rw-p 00000000 00:00 0 
74251c13a000-742520000000 ---p 00000000 00:00 0 
7425200f4000-7425200f8000 ---p 00000000 00:00 0 
7425200f8000-7425201f4000 rw-p 00000000 00:00 0 
7425201f4000-7425201f8000 ---p 00000000 00:00 0 
7425201f8000-7425202f4000 rw-p 00000000 00:00 0 
7425202f4000-7425202f8000 ---p 00000000 00:00 0 
7425202f8000-7425203f4000 rw-p 00000000 00:00 0 
7425203f4000-7425203f8000 ---p 00000000 00:00 0 
7425203f8000-7425204f4000 rw-p 00000000 00:00 0 
7425204f4000-7425204f8000 ---p 00000000 00:00 0 
7425204f8000-7425205f4000 rw-p 00000000 00:00 0 
7425205f4000-7425205f5000 ---p 00000000 00:00 0 
7425205f5000-7425206f5000 rw-p 00000000 00:00 0 
7425206f5000-7425206f6000 ---p 00000000 00:00 0 
7425206f6000-7425207f6000 rw-p 00000000 00:00 0 
7425207f6000-7425207f7000 ---p 00000000 00:00 0 
7425207f7000-7425208f7000 rw-p 00000000 00:00 0 
7425208f7000-7425208f8000 ---p 00000000 00:00 0 
7425208f8000-7425209f8000 rw-p 00000000 00:00 0 
7425209f8000-742523200000 rw-p 00000000 00:00 0 
74252320a000-74252320e000 ---p 00000000 00:00 0 
74252320e000-74252322c000 rw-p 00000000 00:00 0 
74252322c000-742523231000 r--p 00000000 00:3d 664021                     /usr/lib/jvm/java-21-openjdk-amd64/lib/libjsvml.so
742523231000-742523272000 r-xp 00005000 00:3d 664021                     /usr/lib/jvm/java-21-openjdk-amd64/lib/libjsvml.so
742523272000-7425232fb000 r--p 00046000 00:3d 664021                     /usr/lib/jvm/java-21-openjdk-amd64/lib/libjsvml.so
7425232fb000-7425232fc000 r--p 000ce000 00:3d 664021                     /usr/lib/jvm/java-21-openjdk-amd64/lib/libjsvml.so
7425232fc000-7425232fd000 rw-p 000cf000 00:3d 664021                     /usr/lib/jvm/java-21-openjdk-amd64/lib/libjsvml.so
7425232fd000-7425232fe000 ---p 00000000 00:00 0 
7425232fe000-7425233fe000 rw-p 00000000 00:00 0 
7425233fe000-7425233ff000 ---p 00000000 00:00 0 
7425233ff000-7425234ff000 rw-p 00000000 00:00 0 
7425234ff000-742523500000 ---p 00000000 00:00 0 
742523500000-742523600000 rw-p 00000000 00:00 0 
742523600000-742525ab0000 rw-p 00000000 00:00 0 
742525ab0000-742527600000 ---p 00000000 00:00 0 
742527600000-742527a96000 rw-p 00000000 00:00 0 
742527a96000-742527e00000 ---p 00000000 00:00 0 
742527e00000-742528296000 rw-p 00000000 00:00 0 
742528296000-742528600000 ---p 00000000 00:00 0 
742528600000-742528601000 r--p 00000000 00:3d 664006                     /usr/lib/jvm/java-21-openjdk-amd64/lib/libextnet.so
742528601000-742528602000 r-xp 00001000 00:3d 664006                     /usr/lib/jvm/java-21-openjdk-amd64/lib/libextnet.so
742528602000-742528603000 r--p 00002000 00:3d 664006                     /usr/lib/jvm/java-21-openjdk-amd64/lib/libextnet.so
742528603000-742528604000 r--p 00002000 00:3d 664006                     /usr/lib/jvm/java-21-openjdk-amd64/lib/libextnet.so
742528604000-742528605000 rw-p 00003000 00:3d 664006                     /usr/lib/jvm/java-21-openjdk-amd64/lib/libextnet.so
742528605000-742528607000 r--p 00000000 00:3d 664026                     /usr/lib/jvm/java-21-openjdk-amd64/lib/libmanagement_ext.so
742528607000-74252860a000 r-xp 00002000 00:3d 664026                     /usr/lib/jvm/java-21-openjdk-amd64/lib/libmanagement_ext.so
74252860a000-74252860b000 r--p 00005000 00:3d 664026                     /usr/lib/jvm/java-21-openjdk-amd64/lib/libmanagement_ext.so
74252860b000-74252860c000 r--p 00006000 00:3d 664026                     /usr/lib/jvm/java-21-openjdk-amd64/lib/libmanagement_ext.so
74252860c000-74252860d000 rw-p 00007000 00:3d 664026                     /usr/lib/jvm/java-21-openjdk-amd64/lib/libmanagement_ext.so
74252860d000-74252860f000 r--p 00000000 00:3d 664024                     /usr/lib/jvm/java-21-openjdk-amd64/lib/libmanagement.so
74252860f000-742528610000 r-xp 00002000 00:3d 664024                     /usr/lib/jvm/java-21-openjdk-amd64/lib/libmanagement.so
742528610000-742528611000 r--p 00003000 00:3d 664024                     /usr/lib/jvm/java-21-openjdk-amd64/lib/libmanagement.so
742528611000-742528612000 r--p 00003000 00:3d 664024                     /usr/lib/jvm/java-21-openjdk-amd64/lib/libmanagement.so
742528612000-742528613000 rw-p 00004000 00:3d 664024                     /usr/lib/jvm/java-21-openjdk-amd64/lib/libmanagement.so
742528613000-742528617000 r--p 00000000 00:3d 664036                     /usr/lib/jvm/java-21-openjdk-amd64/lib/libverify.so
742528617000-74252861e000 r-xp 00004000 00:3d 664036                     /usr/lib/jvm/java-21-openjdk-amd64/lib/libverify.so
74252861e000-742528620000 r--p 0000b000 00:3d 664036                     /usr/lib/jvm/java-21-openjdk-amd64/lib/libverify.so
742528620000-742528622000 r--p 0000c000 00:3d 664036                     /usr/lib/jvm/java-21-openjdk-amd64/lib/libverify.so
742528622000-742528623000 rw-p 0000e000 00:3d 664036                     /usr/lib/jvm/java-21-openjdk-amd64/lib/libverify.so
742528623000-742528800000 rw-p 00000000 00:00 0 
742528800000-74252c710000 rwxp 00000000 00:00 0 
74252c710000-74252fd37000 ---p 00000000 00:00 0 
74252fd37000-742530097000 rwxp 00000000 00:00 0 
742530097000-7425302c9000 ---p 00000000 00:00 0 
7425302c9000-742531979000 rwxp 00000000 00:00 0 
742531979000-742537800000 ---p 00000000 00:00 0 
742537804000-742537807000 r--p 00000000 00:3d 664028                     /usr/lib/jvm/java-21-openjdk-amd64/lib/libnet.so
742537807000-74253780f000 r-xp 00003000 00:3d 664028                     /usr/lib/jvm/java-21-openjdk-amd64/lib/libnet.so
74253780f000-742537811000 r--p 0000b000 00:3d 664028                     /usr/lib/jvm/java-21-openjdk-amd64/lib/libnet.so
742537811000-742537812000 r--p 0000c000 00:3d 664028                     /usr/lib/jvm/java-21-openjdk-amd64/lib/libnet.so
742537812000-742537813000 rw-p 0000d000 00:3d 664028                     /usr/lib/jvm/java-21-openjdk-amd64/lib/libnet.so
742537813000-74253781a000 r--p 00000000 00:3d 664029                     /usr/lib/jvm/java-21-openjdk-amd64/lib/libnio.so
74253781a000-742537823000 r-xp 00007000 00:3d 664029                     /usr/lib/jvm/java-21-openjdk-amd64/lib/libnio.so
742537823000-742537827000 r--p 00010000 00:3d 664029                     /usr/lib/jvm/java-21-openjdk-amd64/lib/libnio.so
742537827000-742537828000 r--p 00014000 00:3d 664029                     /usr/lib/jvm/java-21-openjdk-amd64/lib/libnio.so
742537828000-742537829000 rw-p 00015000 00:3d 664029                     /usr/lib/jvm/java-21-openjdk-amd64/lib/libnio.so
742537829000-7425379af000 rw-p 00000000 00:00 0 
7425379af000-742540000000 r--s 00000000 00:3d 664038                     /usr/lib/jvm/java-21-openjdk-amd64/lib/modules
742540000000-7425412c4000 rw-p 00000000 00:00 0 
7425412c4000-742544000000 ---p 00000000 00:00 0 
742544000000-742544001000 r--p 00000000 00:3d 24127062                   /usr/lib/x86_64-linux-gnu/libpthread.so.0
742544001000-742544002000 r-xp 00001000 00:3d 24127062                   /usr/lib/x86_64-linux-gnu/libpthread.so.0
742544002000-742544003000 r--p 00002000 00:3d 24127062                   /usr/lib/x86_64-linux-gnu/libpthread.so.0
742544003000-742544004000 r--p 00002000 00:3d 24127062                   /usr/lib/x86_64-linux-gnu/libpthread.so.0
742544004000-742544005000 rw-p 00003000 00:3d 24127062                   /usr/lib/x86_64-linux-gnu/libpthread.so.0
742544005000-742544007000 r--p 00000000 00:3d 664037                     /usr/lib/jvm/java-21-openjdk-amd64/lib/libzip.so
742544007000-74254400c000 r-xp 00002000 00:3d 664037                     /usr/lib/jvm/java-21-openjdk-amd64/lib/libzip.so
74254400c000-74254400e000 r--p 00007000 00:3d 664037                     /usr/lib/jvm/java-21-openjdk-amd64/lib/libzip.so
74254400e000-74254400f000 r--p 00008000 00:3d 664037                     /usr/lib/jvm/java-21-openjdk-amd64/lib/libzip.so
74254400f000-742544010000 rw-p 00009000 00:3d 664037                     /usr/lib/jvm/java-21-openjdk-amd64/lib/libzip.so
74254402a000-74254402b000 r--p 00000000 00:3d 664031                     /usr/lib/jvm/java-21-openjdk-amd64/lib/librmi.so
74254402b000-74254402c000 r-xp 00001000 00:3d 664031                     /usr/lib/jvm/java-21-openjdk-amd64/lib/librmi.so
74254402c000-74254402d000 r--p 00002000 00:3d 664031                     /usr/lib/jvm/java-21-openjdk-amd64/lib/librmi.so
74254402d000-74254402e000 r--p 00002000 00:3d 664031                     /usr/lib/jvm/java-21-openjdk-amd64/lib/librmi.so
74254402e000-74254402f000 rw-p 00003000 00:3d 664031                     /usr/lib/jvm/java-21-openjdk-amd64/lib/librmi.so
74254402f000-742544033000 ---p 00000000 00:00 0 
742544033000-742544051000 rw-p 00000000 00:00 0 
742544051000-742544685000 rw-p 00000000 00:00 0 
742544685000-742544742000 ---p 00000000 00:00 0 
742544742000-7425447c1000 rw-p 00000000 00:00 0 
7425447c1000-74254482d000 ---p 00000000 00:00 0 
74254482d000-742544834000 rw-p 00000000 00:00 0 
742544834000-742544839000 ---p 00000000 00:00 0 
742544839000-742544841000 rw-s 00000000 00:3d 1205701                    /tmp/hsperfdata_root/120
742544841000-74254484e000 r--p 00000000 00:3d 664013                     /usr/lib/jvm/java-21-openjdk-amd64/lib/libjava.so
74254484e000-74254485d000 r-xp 0000d000 00:3d 664013                     /usr/lib/jvm/java-21-openjdk-amd64/lib/libjava.so
74254485d000-742544862000 r--p 0001c000 00:3d 664013                     /usr/lib/jvm/java-21-openjdk-amd64/lib/libjava.so
742544862000-742544863000 r--p 00021000 00:3d 664013                     /usr/lib/jvm/java-21-openjdk-amd64/lib/libjava.so
742544863000-742544864000 rw-p 00022000 00:3d 664013                     /usr/lib/jvm/java-21-openjdk-amd64/lib/libjava.so
742544864000-742544865000 rw-p 00000000 00:00 0 
742544865000-742544867000 r--p 00000000 00:3d 664008                     /usr/lib/jvm/java-21-openjdk-amd64/lib/libinstrument.so
742544867000-74254486d000 r-xp 00002000 00:3d 664008                     /usr/lib/jvm/java-21-openjdk-amd64/lib/libinstrument.so
74254486d000-742544870000 r--p 00008000 00:3d 664008                     /usr/lib/jvm/java-21-openjdk-amd64/lib/libinstrument.so
742544870000-742544871000 r--p 0000a000 00:3d 664008                     /usr/lib/jvm/java-21-openjdk-amd64/lib/libinstrument.so
742544871000-742544872000 rw-p 0000b000 00:3d 664008                     /usr/lib/jvm/java-21-openjdk-amd64/lib/libinstrument.so
742544872000-742544874000 r--p 00000000 00:3d 664017                     /usr/lib/jvm/java-21-openjdk-amd64/lib/libjimage.so
742544874000-742544877000 r-xp 00002000 00:3d 664017                     /usr/lib/jvm/java-21-openjdk-amd64/lib/libjimage.so
742544877000-742544878000 r--p 00005000 00:3d 664017                     /usr/lib/jvm/java-21-openjdk-amd64/lib/libjimage.so
742544878000-742544879000 r--p 00006000 00:3d 664017                     /usr/lib/jvm/java-21-openjdk-amd64/lib/libjimage.so
742544879000-74254487a000 rw-p 00007000 00:3d 664017                     /usr/lib/jvm/java-21-openjdk-amd64/lib/libjimage.so
74254487a000-74254487e000 ---p 00000000 00:00 0 
74254487e000-74254497a000 rw-p 00000000 00:00 0 
74254497a000-74254497e000 r--p 00000000 00:3d 24127008                   /usr/lib/x86_64-linux-gnu/libgcc_s.so.1
74254497e000-7425449a2000 r-xp 00004000 00:3d 24127008                   /usr/lib/x86_64-linux-gnu/libgcc_s.so.1
7425449a2000-7425449a6000 r--p 00028000 00:3d 24127008                   /usr/lib/x86_64-linux-gnu/libgcc_s.so.1
7425449a6000-7425449a7000 r--p 0002b000 00:3d 24127008                   /usr/lib/x86_64-linux-gnu/libgcc_s.so.1
7425449a7000-7425449a8000 rw-p 0002c000 00:3d 24127008                   /usr/lib/x86_64-linux-gnu/libgcc_s.so.1
7425449a8000-7425449b8000 r--p 00000000 00:3d 24127025                   /usr/lib/x86_64-linux-gnu/libm.so.6
7425449b8000-742544a37000 r-xp 00010000 00:3d 24127025                   /usr/lib/x86_64-linux-gnu/libm.so.6
742544a37000-742544a8f000 r--p 0008f000 00:3d 24127025                   /usr/lib/x86_64-linux-gnu/libm.so.6
742544a8f000-742544a90000 r--p 000e7000 00:3d 24127025                   /usr/lib/x86_64-linux-gnu/libm.so.6
742544a90000-742544a91000 rw-p 000e8000 00:3d 24127025                   /usr/lib/x86_64-linux-gnu/libm.so.6
742544a91000-742544b2e000 r--p 00000000 00:3d 24127076                   /usr/lib/x86_64-linux-gnu/libstdc++.so.6.0.33
742544b2e000-742544c76000 r-xp 0009d000 00:3d 24127076                   /usr/lib/x86_64-linux-gnu/libstdc++.so.6.0.33
742544c76000-742544cfd000 r--p 001e5000 00:3d 24127076                   /usr/lib/x86_64-linux-gnu/libstdc++.so.6.0.33
742544cfd000-742544d08000 r--p 0026b000 00:3d 24127076                   /usr/lib/x86_64-linux-gnu/libstdc++.so.6.0.33
742544d08000-742544d0b000 rw-p 00276000 00:3d 24127076                   /usr/lib/x86_64-linux-gnu/libstdc++.so.6.0.33
742544d0b000-742544d0f000 rw-p 00000000 00:00 0 
742544d0f000-742544fb1000 r--p 00000000 00:3d 664050                     /usr/lib/jvm/java-21-openjdk-amd64/lib/server/libjvm.so
742544fb1000-742545e28000 r-xp 002a2000 00:3d 664050                     /usr/lib/jvm/java-21-openjdk-amd64/lib/server/libjvm.so
742545e28000-742546103000 r--p 01119000 00:3d 664050                     /usr/lib/jvm/java-21-openjdk-amd64/lib/server/libjvm.so
742546103000-7425461d7000 r--p 013f3000 00:3d 664050                     /usr/lib/jvm/java-21-openjdk-amd64/lib/server/libjvm.so
7425461d7000-742546207000 rw-p 014c7000 00:3d 664050                     /usr/lib/jvm/java-21-openjdk-amd64/lib/server/libjvm.so
742546207000-74254626f000 rw-p 00000000 00:00 0 
74254626f000-742546297000 r--p 00000000 00:3d 24126981                   /usr/lib/x86_64-linux-gnu/libc.so.6
742546297000-74254641f000 r-xp 00028000 00:3d 24126981                   /usr/lib/x86_64-linux-gnu/libc.so.6
74254641f000-74254646e000 r--p 001b0000 00:3d 24126981                   /usr/lib/x86_64-linux-gnu/libc.so.6
74254646e000-742546472000 r--p 001fe000 00:3d 24126981                   /usr/lib/x86_64-linux-gnu/libc.so.6
742546472000-742546474000 rw-p 00202000 00:3d 24126981                   /usr/lib/x86_64-linux-gnu/libc.so.6
742546474000-742546481000 rw-p 00000000 00:00 0 
742546481000-742546483000 r--p 00000000 00:3d 664018                     /usr/lib/jvm/java-21-openjdk-amd64/lib/libjli.so
742546483000-74254648d000 r-xp 00002000 00:3d 664018                     /usr/lib/jvm/java-21-openjdk-amd64/lib/libjli.so
74254648d000-742546490000 r--p 0000c000 00:3d 664018                     /usr/lib/jvm/java-21-openjdk-amd64/lib/libjli.so
742546490000-742546491000 r--p 0000f000 00:3d 664018                     /usr/lib/jvm/java-21-openjdk-amd64/lib/libjli.so
742546491000-742546492000 rw-p 00010000 00:3d 664018                     /usr/lib/jvm/java-21-openjdk-amd64/lib/libjli.so
742546492000-742546494000 r--p 00000000 00:3d 24127096                   /usr/lib/x86_64-linux-gnu/libz.so.1.3
742546494000-7425464a6000 r-xp 00002000 00:3d 24127096                   /usr/lib/x86_64-linux-gnu/libz.so.1.3
7425464a6000-7425464ac000 r--p 00014000 00:3d 24127096                   /usr/lib/x86_64-linux-gnu/libz.so.1.3
7425464ac000-7425464ad000 r--p 0001a000 00:3d 24127096                   /usr/lib/x86_64-linux-gnu/libz.so.1.3
7425464ad000-7425464ae000 rw-p 0001b000 00:3d 24127096                   /usr/lib/x86_64-linux-gnu/libz.so.1.3
7425464b1000-7425464b2000 ---p 00000000 00:00 0 
7425464b2000-7425464b3000 r--p 00000000 00:00 0 
7425464b3000-7425464b4000 ---p 00000000 00:00 0 
7425464b4000-7425464b6000 rw-p 00000000 00:00 0 
7425464b6000-7425464ba000 r--p 00000000 00:00 0                          [vvar]
7425464ba000-7425464bc000 r--p 00000000 00:00 0                          [vvar_vclock]
7425464bc000-7425464be000 r-xp 00000000 00:00 0                          [vdso]
7425464be000-7425464bf000 r--p 00000000 00:3d 24126961                   /usr/lib/x86_64-linux-gnu/ld-linux-x86-64.so.2
7425464bf000-7425464ea000 r-xp 00001000 00:3d 24126961                   /usr/lib/x86_64-linux-gnu/ld-linux-x86-64.so.2
7425464ea000-7425464f4000 r--p 0002c000 00:3d 24126961                   /usr/lib/x86_64-linux-gnu/ld-linux-x86-64.so.2
7425464f4000-7425464f6000 r--p 00036000 00:3d 24126961                   /usr/lib/x86_64-linux-gnu/ld-linux-x86-64.so.2
7425464f6000-7425464f8000 rw-p 00038000 00:3d 24126961                   /usr/lib/x86_64-linux-gnu/ld-linux-x86-64.so.2
7ffed6943000-7ffed6964000 rw-p 00000000 00:00 0                          [stack]
ffffffffff600000-ffffffffff601000 --xp 00000000 00:00 0                  [vsyscall]
Total number of mappings: 658

JVMTI agents:
/root/.gradle/wrapper/dists/gradle-8.7-all/aan3ydargesu18aqyqjwhr3pc/gradle-8.7/lib/agents/gradle-instrumentation-agent-8.7.jar path:none, loaded, initialized, instrumentlib options:none


VM Arguments:
jvm_args: -XX:MaxMetaspaceSize=2G -XX:+HeapDumpOnOutOfMemoryError --add-opens=java.base/java.util=ALL-UNNAMED --add-opens=java.base/java.lang=ALL-UNNAMED --add-opens=java.base/java.lang.invoke=ALL-UNNAMED --add-opens=java.prefs/java.util.prefs=ALL-UNNAMED --add-opens=java.base/java.nio.charset=ALL-UNNAMED --add-opens=java.base/java.net=ALL-UNNAMED --add-opens=java.base/java.util.concurrent.atomic=ALL-UNNAMED -Xmx4G -Dfile.encoding=UTF-8 -Duser.country=US -Duser.language=en -Duser.variant -javaagent:/root/.gradle/wrapper/dists/gradle-8.7-all/aan3ydargesu18aqyqjwhr3pc/gradle-8.7/lib/agents/gradle-instrumentation-agent-8.7.jar 
java_command: org.gradle.launcher.daemon.bootstrap.GradleDaemon 8.7
java_class_path (initial): /root/.gradle/wrapper/dists/gradle-8.7-all/aan3ydargesu18aqyqjwhr3pc/gradle-8.7/lib/gradle-launcher-8.7.jar
Launcher Type: SUN_STANDARD

[Global flags]
     intx CICompilerCount                          = 4                                         {product} {ergonomic}
     uint ConcGCThreads                            = 2                                         {product} {ergonomic}
     uint G1ConcRefinementThreads                  = 8                                         {product} {ergonomic}
   size_t G1HeapRegionSize                         = 2097152                                   {product} {ergonomic}
    uintx GCDrainStackTargetSize                   = 64                                        {product} {ergonomic}
     bool HeapDumpOnOutOfMemoryError               = true                                   {manageable} {command line}
   size_t InitialHeapSize                          = 130023424                                 {product} {ergonomic}
   size_t MarkStackSize                            = 4194304                                   {product} {ergonomic}
   size_t MaxHeapSize                              = 4294967296                                {product} {command line}
   size_t MaxMetaspaceSize                         = 2147483648                                {product} {command line}
   size_t MaxNewSize                               = 2575302656                                {product} {ergonomic}
   size_t MinHeapDeltaBytes                        = 2097152                                   {product} {ergonomic}
   size_t MinHeapSize                              = 8388608                                   {product} {ergonomic}
    uintx NonNMethodCodeHeapSize                   = 5839372                                {pd product} {ergonomic}
    uintx NonProfiledCodeHeapSize                  = 122909434                              {pd product} {ergonomic}
    uintx ProfiledCodeHeapSize                     = 122909434                              {pd product} {ergonomic}
    uintx ReservedCodeCacheSize                    = 251658240                              {pd product} {ergonomic}
     bool SegmentedCodeCache                       = true                                      {product} {ergonomic}
   size_t SoftMaxHeapSize                          = 4294967296                             {manageable} {ergonomic}
     bool UseCompressedOops                        = true                           {product lp64_product} {ergonomic}
     bool UseG1GC                                  = true                                      {product} {ergonomic}

Logging:
Log output configuration:
 #0: stdout all=warning uptime,level,tags foldmultilines=false
 #1: stderr all=off uptime,level,tags foldmultilines=false

Release file:
IMPLEMENTOR="Ubuntu"
JAVA_RUNTIME_VERSION="21.0.11+10-1-24.04.2-Ubuntu"
JAVA_VERSION="21.0.11"
JAVA_VERSION_DATE="2026-04-21"
LIBC="gnu"
MODULES="java.base java.compiler java.datatransfer java.xml java.prefs java.desktop java.instrument java.logging java.management java.security.sasl java.naming java.rmi java.management.rmi java.net.http java.scripting java.security.jgss java.transaction.xa java.sql java.sql.rowset java.xml.crypto java.se java.smartcardio jdk.accessibility jdk.internal.jvmstat jdk.attach jdk.charsets jdk.internal.opt jdk.zipfs jdk.compiler jdk.crypto.ec jdk.crypto.cryptoki jdk.dynalink jdk.internal.ed jdk.editpad jdk.hotspot.agent jdk.httpserver jdk.incubator.vector jdk.internal.le jdk.internal.vm.ci jdk.internal.vm.compiler jdk.internal.vm.compiler.management jdk.jartool jdk.javadoc jdk.jcmd jdk.management jdk.management.agent jdk.jconsole jdk.jdeps jdk.jdwp.agent jdk.jdi jdk.jfr jdk.jlink jdk.jpackage jdk.jshell jdk.jsobject jdk.jstatd jdk.localedata jdk.management.jfr jdk.naming.dns jdk.naming.rmi jdk.net jdk.nio.mapmode jdk.random jdk.sctp jdk.security.auth jdk.security.jgss jdk.unsupported jdk.unsupported.desktop jdk.xml.dom"
OS_ARCH="x86_64"
OS_NAME="Linux"
SOURCE=""

Environment Variables:
PATH=/usr/bin:/opt/flutter/bin:/usr/local/sbin:/usr/local/bin:/usr/sbin:/usr/bin:/sbin:/bin:/opt/android-sdk/cmdline-tools/latest/bin:/opt/android-sdk/platform-tools
TERM=

Active Locale:
LC_ALL=C
LC_COLLATE=C
LC_CTYPE=C
LC_MESSAGES=C
LC_MONETARY=C
LC_NUMERIC=C
LC_TIME=C

Signal Handlers:
   SIGSEGV: crash_handler in libjvm.so, mask=11100100010111111101111111111110, flags=SA_RESTART|SA_SIGINFO, unblocked
    SIGBUS: crash_handler in libjvm.so, mask=11100100010111111101111111111110, flags=SA_RESTART|SA_SIGINFO, unblocked
    SIGFPE: crash_handler in libjvm.so, mask=11100100010111111101111111111110, flags=SA_RESTART|SA_SIGINFO, unblocked
   SIGPIPE: javaSignalHandler in libjvm.so, mask=11100100010111111101111111111110, flags=SA_RESTART|SA_SIGINFO, blocked
   SIGXFSZ: javaSignalHandler in libjvm.so, mask=11100100010111111101111111111110, flags=SA_RESTART|SA_SIGINFO, blocked
    SIGILL: crash_handler in libjvm.so, mask=11100100010111111101111111111110, flags=SA_RESTART|SA_SIGINFO, unblocked
   SIGUSR2: SR_handler in libjvm.so, mask=00000000000000000000000000000000, flags=SA_RESTART|SA_SIGINFO, blocked
    SIGHUP: UserHandler in libjvm.so, mask=11100100010111111101111111111110, flags=SA_RESTART|SA_SIGINFO, blocked
    SIGINT: UserHandler in libjvm.so, mask=11100100010111111101111111111110, flags=SA_RESTART|SA_SIGINFO, blocked
   SIGTERM: UserHandler in libjvm.so, mask=11100100010111111101111111111110, flags=SA_RESTART|SA_SIGINFO, blocked
   SIGQUIT: UserHandler in libjvm.so, mask=11100100010111111101111111111110, flags=SA_RESTART|SA_SIGINFO, blocked
   SIGTRAP: crash_handler in libjvm.so, mask=11100100010111111101111111111110, flags=SA_RESTART|SA_SIGINFO, unblocked


Periodic native trim disabled

---------------  S Y S T E M  ---------------

OS:
DISTRIB_ID=Ubuntu
DISTRIB_RELEASE=24.04
DISTRIB_CODENAME=noble
DISTRIB_DESCRIPTION="Ubuntu 24.04.4 LTS"
uname: Linux 6.17.0-35-generic #35~24.04.1-Ubuntu SMP PREEMPT_DYNAMIC Tue May 26 19:30:42 UTC 2 x86_64
OS uptime: 0 days 16:28 hours
libc: glibc 2.39 NPTL 2.39 
rlimit (soft/hard): STACK 8192k/infinity , CORE infinity/infinity , NPROC infinity/infinity , NOFILE 524288/524288 , AS infinity/infinity , CPU infinity/infinity , DATA infinity/infinity , FSIZE infinity/infinity , MEMLOCK 8192k/8192k
load average: 4.49 2.28 2.26

/proc/meminfo:
MemTotal:        8077512 kB
MemFree:          326056 kB
MemAvailable:    1835648 kB
Buffers:           56080 kB
Cached:          1641988 kB
SwapCached:       527620 kB
Active:          1384752 kB
Inactive:        5605932 kB
Active(anon):     819344 kB
Inactive(anon):  4518596 kB
Active(file):     565408 kB
Inactive(file):  1087336 kB
Unevictable:          32 kB
Mlocked:              32 kB
SwapTotal:      33554428 kB
SwapFree:       31423712 kB
Zswap:                 0 kB
Zswapped:              0 kB
Dirty:            148840 kB
Writeback:             0 kB
AnonPages:       5248016 kB
Mapped:           435800 kB
Shmem:             45160 kB
KReclaimable:     266240 kB
Slab:             525224 kB
SReclaimable:     266240 kB
SUnreclaim:       258984 kB
KernelStack:       21152 kB
PageTables:        52364 kB
SecPageTables:      5476 kB
NFS_Unstable:          0 kB
Bounce:                0 kB
WritebackTmp:          0 kB
CommitLimit:    37593184 kB
Committed_AS:   19899176 kB
VmallocTotal:   34359738367 kB
VmallocUsed:       72068 kB
VmallocChunk:          0 kB
Percpu:             9184 kB
HardwareCorrupted:     0 kB
AnonHugePages:         0 kB
ShmemHugePages:        0 kB
ShmemPmdMapped:        0 kB
FileHugePages:     79872 kB
FilePmdMapped:         0 kB
CmaTotal:              0 kB
CmaFree:               0 kB
Unaccepted:            0 kB
Balloon:               0 kB
HugePages_Total:       0
HugePages_Free:        0
HugePages_Rsvd:        0
HugePages_Surp:        0
Hugepagesize:       2048 kB
Hugetlb:               0 kB
DirectMap4k:      225100 kB
DirectMap2M:     4968448 kB
DirectMap1G:     4194304 kB

/sys/kernel/mm/transparent_hugepage/enabled: always [madvise] never
/sys/kernel/mm/transparent_hugepage/hpage_pmd_size: 2097152
/sys/kernel/mm/transparent_hugepage/defrag (defrag/compaction efforts parameter): always defer defer+madvise [madvise] never

Process Memory:
Virtual Size: 10494360K (peak: 10535356K)
Resident Set Size: 2896440K (peak: 2896440K) (anon: 2867140K, file: 29300K, shmem: 0K)
Swapped out: 201328K
